
> campusguessr@1.0.0 dev
> next dev

  ▲ Next.js 14.2.15
  - Local:        http://localhost:3000

 ✓ Starting...
 ✓ Ready in 1962ms
 ○ Compiling / ...
 ✓ Compiled / in 1045ms (318 modules)
 GET / 200 in 1254ms
 GET / 200 in 39ms
 GET / 200 in 26ms
 GET / 200 in 27ms
 GET / 200 in 43ms
 ✓ Compiled /api/loginOrRegister in 397ms (99 modules)
 POST /api/loginOrRegister 200 in 520ms
 ○ Compiling /select ...
 ✓ Compiled /select in 822ms (392 modules)
 ✓ Compiled /api/getBuildings in 203ms (148 modules)
 GET /api/getBuildings 304 in 261ms
 ✓ Compiled /api/getFloors in 221ms (150 modules)
 GET /api/getFloors?building=HG 304 in 243ms
 ✓ Compiled /game in 501ms (427 modules)
 ✓ Compiled /api/startRound in 97ms (168 modules)
 POST /api/startRound 200 in 202ms
 ✓ Compiled /api/submitGuess in 110ms (170 modules)
 POST /api/submitGuess 200 in 176ms
 ✓ Compiled /leaderboard in 278ms (438 modules)
 ✓ Compiled /api/getUsers in 146ms (175 modules)
 GET /api/getUsers 200 in 219ms
 GET / 200 in 68ms
 GET /api/getBuildings 304 in 9ms
 GET /api/getFloors?building=HG 304 in 9ms
 POST /api/startRound 200 in 22ms
 POST /api/submitGuess 200 in 21ms
 GET /api/getUsers 200 in 9ms
 GET /api/getBuildings 304 in 6ms
 GET /api/getFloors?building=HG 304 in 6ms
 POST /api/startRound 200 in 7ms
 POST /api/submitGuess 200 in 13ms
 GET /api/getUsers 200 in 11ms
 GET /api/getBuildings 304 in 6ms
 GET /api/getFloors?building=HG 304 in 6ms
 POST /api/startRound 200 in 39ms
 POST /api/submitGuess 200 in 16ms
 GET /api/getUsers 200 in 9ms
 GET /api/getBuildings 304 in 5ms
 GET /api/getFloors?building=HG 304 in 10ms
 POST /api/startRound 200 in 37ms
 POST /api/submitGuess 200 in 15ms
 GET /api/getUsers 200 in 31ms
 GET /api/getBuildings 304 in 9ms
 GET /api/getFloors?building=HG 304 in 4ms
 ✓ Compiled in 553ms (396 modules)
[?25h

> campusguessr@1.0.0 dev
> next dev

  ▲ Next.js 14.2.15
  - Local:        http://localhost:3000

 ✓ Starting...
 ✓ Ready in 2s
 ○ Compiling / ...
 ✓ Compiled / in 2.2s (318 modules)
 GET / 200 in 2452ms
 GET / 200 in 25ms
 ✓ Compiled /404 in 428ms (322 modules)
 GET /_next/static/webpack/21d354a3d3d74cb7.webpack.hot-update.json 404 in 476ms
 ⚠ Fast Refresh had to perform a full reload. Read more: https://nextjs.org/docs/messages/fast-refresh-reload
 GET / 200 in 21ms
 GET /_next/static/webpack/21d354a3d3d74cb7.webpack.hot-update.json 404 in 13ms
 ⚠ Fast Refresh had to perform a full reload. Read more: https://nextjs.org/docs/messages/fast-refresh-reload
 GET / 200 in 13ms
 ✓ Compiled /api/loginOrRegister in 224ms (102 modules)
 POST /api/loginOrRegister 200 in 478ms
 ○ Compiling /select ...
 ✓ Compiled /select in 858ms (397 modules)
 ✓ Compiled /api/getBuildings in 109ms (151 modules)
 GET /api/getBuildings 200 in 133ms
 ✓ Compiled /api/getFloors in 93ms (153 modules)
 GET /api/getFloors?building=HG 200 in 107ms
 ○ Compiling /game ...
 ✓ Compiled /game in 506ms (432 modules)
 ✓ Compiled /api/startRound in 87ms (171 modules)
 POST /api/startRound 200 in 143ms
 ✓ Compiled /api/submitGuess in 125ms (173 modules)
 POST /api/submitGuess 200 in 178ms
 ✓ Compiled /leaderboard in 418ms (443 modules)
 ✓ Compiled /api/getUsers in 106ms (178 modules)
 GET /api/getUsers 200 in 160ms
 GET /api/getUsers 304 in 56ms
 GET / 200 in 61ms
 POST /api/loginOrRegister 200 in 130ms
 GET /api/getBuildings 304 in 10ms
 GET /api/getFloors?building=HG 304 in 12ms
 POST /api/startRound 200 in 12ms
 POST /api/submitGuess 200 in 16ms
 GET /api/getUsers 200 in 11ms
 POST /api/loginOrRegister 200 in 118ms
 GET / 200 in 25ms
 GET / 200 in 31ms
 GET /api/getBuildings 304 in 9ms
Error reading files: Error: ENOENT: no such file or directory, scandir '/home/viscon/campusguessr/public/floorplans/ALL'
    at readdirSync (node:fs:1507:26)
    at getFiles (webpack-internal:///(api)/./pages/api/getFloors.js:13:63)
    at handler (webpack-internal:///(api)/./pages/api/getFloors.js:32:24)
    at K (/home/viscon/campusguessr/node_modules/next/dist/compiled/next-server/pages-api.runtime.dev.js:21:2877)
    at process.processTicksAndRejections (node:internal/process/task_queues:95:5)
    at async U.render (/home/viscon/campusguessr/node_modules/next/dist/compiled/next-server/pages-api.runtime.dev.js:21:3955)
    at async DevServer.runApi (/home/viscon/campusguessr/node_modules/next/dist/server/next-server.js:598:9)
    at async NextNodeServer.handleCatchallRenderRequest (/home/viscon/campusguessr/node_modules/next/dist/server/next-server.js:269:37)
    at async DevServer.handleRequestImpl (/home/viscon/campusguessr/node_modules/next/dist/server/base-server.js:817:17)
    at async /home/viscon/campusguessr/node_modules/next/dist/server/dev/next-dev-server.js:339:20
    at async Span.traceAsyncFn (/home/viscon/campusguessr/node_modules/next/dist/trace/trace.js:154:20)
    at async DevServer.handleRequest (/home/viscon/campusguessr/node_modules/next/dist/server/dev/next-dev-server.js:336:24)
    at async invokeRender (/home/viscon/campusguessr/node_modules/next/dist/server/lib/router-server.js:173:21)
    at async handleRequest (/home/viscon/campusguessr/node_modules/next/dist/server/lib/router-server.js:350:24)
    at async requestHandlerImpl (/home/viscon/campusguessr/node_modules/next/dist/server/lib/router-server.js:374:13) {
  errno: -2,
  code: 'ENOENT',
  syscall: 'scandir',
  path: '/home/viscon/campusguessr/public/floorplans/ALL'
}
 GET /api/getFloors?building=ALL 200 in 11ms
 POST /api/startRound 404 in 29ms
 GET / 200 in 22ms
 GET /game?building=HG&floor=ALL 200 in 48ms
 GET /game?building=HG&floor=ALL 200 in 29ms
 GET / 200 in 24ms
 GET / 200 in 24ms
[?25h

> campusguessr@1.0.0 dev
> next dev

  ▲ Next.js 14.2.15
  - Local:        http://localhost:3000

 ✓ Starting...
 ✓ Ready in 1838ms
 ○ Compiling / ...
 ✓ Compiled / in 1039ms (318 modules)
 GET / 200 in 1232ms
 ○ Compiling /404 ...
 ✓ Compiled /404 in 590ms (322 modules)
 GET /_next/static/webpack/c07a2c70014d60db.webpack.hot-update.json 404 in 658ms
 ⚠ Fast Refresh had to perform a full reload. Read more: https://nextjs.org/docs/messages/fast-refresh-reload
 GET / 200 in 27ms
 ○ Compiling /select ...
 ✓ Compiled /select in 634ms (380 modules)
 GET /_next/static/webpack/c07a2c70014d60db.webpack.hot-update.json 404 in 83ms
 ✓ Compiled /api/getBuildings in 110ms (148 modules)
 GET /api/getBuildings 304 in 182ms
 ⚠ Fast Refresh had to perform a full reload. Read more: https://nextjs.org/docs/messages/fast-refresh-reload
 GET / 200 in 55ms
 GET /about 404 in 21ms
 GET /_next/static/webpack/c07a2c70014d60db.webpack.hot-update.json 404 in 11ms
 ⚠ Fast Refresh had to perform a full reload. Read more: https://nextjs.org/docs/messages/fast-refresh-reload
 GET / 200 in 19ms
[?25h

> campusguessr@1.0.0 dev
> next dev

  ▲ Next.js 14.2.15
  - Local:        http://localhost:3000

 ✓ Starting...
 ✓ Ready in 3.7s
 ○ Compiling / ...
 ✓ Compiled /404 in 2.9s (342 modules)
 GET /_next/static/webpack/aa6f774b2d615fa6.webpack.hot-update.json 404 in 1991ms
 GET /_next/static/webpack/aa6f774b2d615fa6.webpack.hot-update.json 404 in 1913ms
 ⚠ Fast Refresh had to perform a full reload. Read more: https://nextjs.org/docs/messages/fast-refresh-reload
 GET / 200 in 3271ms
 GET / 200 in 1474ms
 GET / 200 in 16ms
 ⚠ Fast Refresh had to perform a full reload. Read more: https://nextjs.org/docs/messages/fast-refresh-reload
 GET / 200 in 22ms
 ○ Compiling /select ...
 ✓ Compiled /select in 4.9s (399 modules)
 GET /play 404 in 1638ms
 GET /api/getBuildings 304 in 15ms
 GET / 200 in 30ms
 ✓ Compiled /api/getFloors in 280ms (401 modules)
 GET /api/getFloors?building=HG 304 in 294ms
 ○ Compiling /game ...
 ⨯ ./components/panoramicViewer.jsx:2:1
Module not found: Can't resolve 'react-use-draggable-scroll'
[0m [90m 1 |[39m [36mimport[39m { useRef } [36mfrom[39m [32m"react"[39m[33m;[39m[0m
[0m[31m[1m>[22m[39m[90m 2 |[39m [36mimport[39m { useDraggable } [36mfrom[39m [32m"react-use-draggable-scroll"[39m[33m;[39m[0m
[0m [90m   |[39m [31m[1m^[22m[39m[0m
[0m [90m 3 |[39m [36mimport[39m styles [36mfrom[39m [32m"/styles/panoramicViewer.module.css"[39m[33m;[39m[0m
[0m [90m 4 |[39m[0m
[0m [90m 5 |[39m [36mexport[39m [36mdefault[39m [36mfunction[39m [33mPanoramicViewer[39m({url}) {[0m

https://nextjs.org/docs/messages/module-not-found

Import trace for requested module:
./pages/game.jsx
 ⨯ ./components/panoramicViewer.jsx:2:1
Module not found: Can't resolve 'react-use-draggable-scroll'
[0m [90m 1 |[39m [36mimport[39m { useRef } [36mfrom[39m [32m"react"[39m[33m;[39m[0m
[0m[31m[1m>[22m[39m[90m 2 |[39m [36mimport[39m { useDraggable } [36mfrom[39m [32m"react-use-draggable-scroll"[39m[33m;[39m[0m
[0m [90m   |[39m [31m[1m^[22m[39m[0m
[0m [90m 3 |[39m [36mimport[39m styles [36mfrom[39m [32m"/styles/panoramicViewer.module.css"[39m[33m;[39m[0m
[0m [90m 4 |[39m[0m
[0m [90m 5 |[39m [36mexport[39m [36mdefault[39m [36mfunction[39m [33mPanoramicViewer[39m({url}) {[0m

https://nextjs.org/docs/messages/module-not-found

Import trace for requested module:
./pages/game.jsx
 GET /play 500 in 7677ms
 GET /game?building=HG&floor=ALL 500 in 8720ms
 GET / 500 in 10415ms
[?25h

> campusguessr@1.0.0 dev
> next dev

  ▲ Next.js 14.2.15
  - Local:        http://localhost:3000

 ✓ Starting...
 ✓ Ready in 4s
 ○ Compiling /404 ...
 ✓ Compiled /404 in 4.4s (365 modules)
 GET /_next/static/webpack/512d605b7cb67de8.webpack.hot-update.json 404 in 4477ms
 ⚠ Fast Refresh had to perform a full reload. Read more: https://nextjs.org/docs/messages/fast-refresh-reload
 GET /game?building=HG&floor=ALL 200 in 1158ms
 GET / 200 in 4432ms
 GET / 200 in 1223ms
 GET / 200 in 14ms
 ✓ Compiled /api/loginOrRegister in 341ms (123 modules)
 POST /api/loginOrRegister 200 in 633ms
 ○ Compiling /select ...
 ✓ Compiled /select in 868ms (440 modules)
 ✓ Compiled /api/getBuildings in 93ms (172 modules)
 GET /api/getBuildings 304 in 121ms
 ✓ Compiled /api/getFloors in 111ms (174 modules)
 GET /api/getFloors?building=HG 304 in 123ms
 ✓ Compiled /api/startRound in 103ms (176 modules)
 POST /api/startRound 200 in 143ms
 ✓ Compiled /api/submitGuess in 110ms (178 modules)
 POST /api/submitGuess 200 in 159ms
 ✓ Compiled /leaderboard in 373ms (455 modules)
 ✓ Compiled /api/getUsers in 94ms (183 modules)
 GET /api/getUsers 200 in 138ms
 GET /questions/21fbf677-a955-42e7-a5ca-845cfaff1cde 404 in 57ms
 GET / 200 in 35ms
[?25h

> campusguessr@1.0.0 dev
> next dev

  ▲ Next.js 14.2.15
  - Local:        http://localhost:3000

 ✓ Starting...
 ✓ Ready in 2.6s
 ○ Compiling /404 ...
 ✓ Compiled /404 in 4s (322 modules)
 GET /_next/static/webpack/a3717039ec36e8d3.webpack.hot-update.json 404 in 4097ms
 GET /_next/static/webpack/a3717039ec36e8d3.webpack.hot-update.json 404 in 2006ms
 GET /_next/static/webpack/a3717039ec36e8d3.webpack.hot-update.json 404 in 1790ms
 ⚠ Fast Refresh had to perform a full reload. Read more: https://nextjs.org/docs/messages/fast-refresh-reload
 GET / 200 in 4251ms
 GET / 200 in 14ms
 ⚠ Fast Refresh had to perform a full reload. Read more: https://nextjs.org/docs/messages/fast-refresh-reload
 ⚠ Fast Refresh had to perform a full reload. Read more: https://nextjs.org/docs/messages/fast-refresh-reload
 GET / 200 in 18ms
 GET / 200 in 19ms
 ○ Compiling /select ...
 ✓ Compiled /select in 4.3s (380 modules)
 ✓ Compiled /api/getBuildings in 207ms (148 modules)
 GET /api/getBuildings 304 in 269ms
 ✓ Compiled /api/getFloors in 93ms (150 modules)
 GET /api/getFloors?building=HG 304 in 103ms
 ○ Compiling /game ...
 ✓ Compiled /game in 601ms (441 modules)
 ✓ Compiled /api/startRound in 98ms (173 modules)
 POST /api/startRound 200 in 171ms
 ✓ Compiled /api/submitGuess in 91ms (175 modules)
 POST /api/submitGuess 200 in 145ms
 ✓ Compiled /leaderboard in 262ms (452 modules)
 ✓ Compiled /api/getUsers in 115ms (180 modules)
 GET /api/getUsers 200 in 148ms
 ✓ Compiled /api/loginOrRegister in 95ms (183 modules)
 POST /api/loginOrRegister 200 in 282ms
 GET /api/getBuildings 304 in 5ms
 GET /api/getFloors?building=ALL 200 in 6ms
 POST /api/startRound 200 in 13ms
 POST /api/submitGuess 200 in 55ms
 GET /api/getUsers 304 in 10ms
 GET /api/getBuildings 304 in 7ms
 GET /api/getFloors?building=HG 304 in 7ms
 POST /api/startRound 200 in 35ms
 POST /api/submitGuess 200 in 17ms
 GET /api/getUsers 200 in 11ms
 ✓ Compiled /test in 378ms (457 modules)
 GET /test 200 in 541ms
 GET /api/getUsers 304 in 34ms
 ✓ Compiled /404 in 204ms (461 modules)
 GET /_next/static/webpack/c07a2c70014d60db.webpack.hot-update.json 404 in 254ms
 ⚠ Fast Refresh had to perform a full reload. Read more: https://nextjs.org/docs/messages/fast-refresh-reload
 GET / 200 in 22ms
[?25h

> campusguessr@1.0.0 dev
> next dev

  ▲ Next.js 14.2.15
  - Local:        http://localhost:3000

 ✓ Starting...
 ✓ Ready in 2.1s
 ⚠ Fast Refresh had to perform a full reload. Read more: https://nextjs.org/docs/messages/fast-refresh-reload
 ○ Compiling /test ...
 ✓ Compiled /test in 1233ms (332 modules)
 GET /_next/static/webpack/f5e1a243c5816d1f.webpack.hot-update.json 404 in 1055ms
 GET / 200 in 1390ms
 GET /test 200 in 1224ms
 ⚠ Fast Refresh had to perform a full reload. Read more: https://nextjs.org/docs/messages/fast-refresh-reload
 GET / 200 in 22ms
 GET / 200 in 50ms
 GET / 200 in 23ms
 ○ Compiling /select ...
 ✓ Compiled /select in 1334ms (384 modules)
 ✓ Compiled /api/getBuildings in 240ms (150 modules)
 GET /api/getBuildings 304 in 304ms
 ✓ Compiled /api/getFloors in 496ms (152 modules)
 GET /api/getFloors?building=HG 304 in 648ms
 ○ Compiling /game ...
 ✓ Compiled /game in 629ms (445 modules)
 ✓ Compiled /api/startRound in 107ms (175 modules)
 POST /api/startRound 200 in 204ms
 GET / 200 in 69ms
 ✓ Compiled /api/submitGuess in 118ms (177 modules)
 POST /api/submitGuess 200 in 162ms
 ✓ Compiled /leaderboard in 384ms (456 modules)
 ✓ Compiled /api/getUsers in 117ms (182 modules)
 GET /api/getUsers 200 in 155ms
 ✓ Compiled /api/gambling in 127ms (184 modules)
 POST /api/gambling 200 in 165ms
 POST /api/gambling 200 in 11ms
 POST /api/gambling 200 in 10ms
 POST /api/gambling 200 in 12ms
 GET /leaderboard 200 in 52ms
 GET /api/getUsers 200 in 17ms
 GET /api/getUsers 304 in 6ms
 GET /api/getBuildings 304 in 9ms
 GET /api/getFloors?building=HG 304 in 13ms
 POST /api/startRound 200 in 62ms
 POST /api/submitGuess 200 in 19ms
 GET /api/getUsers 200 in 11ms
 POST /api/gambling 200 in 10ms
 GET / 200 in 54ms
 GET /api/getBuildings 304 in 10ms
 GET /api/getFloors?building=HG 304 in 11ms
 GET / 200 in 34ms
 GET / 200 in 25ms
 GET / 200 in 20ms
 POST /api/startRound 200 in 62ms
 POST /api/submitGuess 200 in 14ms
 GET /api/getUsers 200 in 11ms
 POST /api/gambling 200 in 7ms
 GET / 200 in 27ms
 GET /api/getBuildings 304 in 7ms
 GET /api/getFloors?building=HG 304 in 6ms
 POST /api/startRound 200 in 43ms
 POST /api/submitGuess 200 in 18ms
 GET /api/getUsers 200 in 6ms
 GET /api/getBuildings 304 in 6ms
 GET /game/1 404 in 22ms
 GET /game/1 404 in 16ms
 GET / 200 in 23ms
 GET / 200 in 24ms
 GET / 200 in 27ms
 GET / 200 in 21ms
 GET /api/getBuildings 304 in 7ms
 GET / 200 in 24ms
 GET / 200 in 28ms
 GET /api/getBuildings 304 in 5ms
 GET /api/getBuildings 304 in 5ms
 GET /api/getFloors?building=HG 304 in 8ms
 POST /api/startRound 200 in 42ms
 POST /api/submitGuess 200 in 8ms
 GET /api/getUsers 200 in 38ms
 GET /api/getBuildings 304 in 4ms
 GET /api/getFloors?building=HG 304 in 8ms
 POST /api/startRound 200 in 10ms
 POST /api/submitGuess 200 in 48ms
 GET /api/getUsers 200 in 9ms
 POST /api/gambling 200 in 38ms
 POST /api/gambling 200 in 11ms
 POST /api/gambling 200 in 11ms
 POST /api/gambling 200 in 9ms
 POST /api/gambling 200 in 8ms
 POST /api/gambling 200 in 9ms
 POST /api/gambling 200 in 10ms
 POST /api/gambling 200 in 8ms
 POST /api/gambling 200 in 16ms
 POST /api/gambling 200 in 7ms
 POST /api/gambling 200 in 13ms
 POST /api/gambling 200 in 13ms
 POST /api/gambling 200 in 16ms
 POST /api/gambling 200 in 8ms
 POST /api/gambling 200 in 11ms
 POST /api/gambling 200 in 9ms
 POST /api/gambling 200 in 8ms
 POST /api/gambling 200 in 8ms
 POST /api/gambling 200 in 11ms
 POST /api/gambling 200 in 5ms
 POST /api/gambling 200 in 8ms
 GET /api/getUsers 200 in 44ms
 POST /api/gambling 200 in 10ms
 POST /api/gambling 200 in 6ms
 POST /api/gambling 200 in 11ms
 POST /api/gambling 200 in 10ms
 POST /api/gambling 200 in 6ms
 POST /api/gambling 200 in 5ms
 POST /api/gambling 200 in 6ms
 POST /api/gambling 200 in 5ms
 POST /api/gambling 200 in 5ms
 POST /api/gambling 200 in 5ms
 POST /api/gambling 200 in 10ms
 POST /api/gambling 200 in 13ms
 POST /api/gambling 200 in 11ms
 POST /api/gambling 200 in 9ms
 POST /api/gambling 200 in 9ms
 POST /api/gambling 200 in 9ms
 POST /api/gambling 200 in 12ms
 POST /api/gambling 200 in 8ms
 POST /api/gambling 200 in 11ms
 POST /api/gambling 200 in 8ms
 POST /api/gambling 200 in 13ms
 POST /api/gambling 200 in 9ms
 POST /api/gambling 200 in 6ms
 POST /api/gambling 200 in 10ms
 POST /api/gambling 200 in 8ms
 POST /api/gambling 200 in 5ms
 POST /api/gambling 200 in 6ms
 POST /api/gambling 200 in 6ms
 POST /api/gambling 200 in 7ms
 POST /api/gambling 200 in 11ms
 POST /api/gambling 200 in 10ms
 POST /api/gambling 200 in 9ms
 POST /api/gambling 200 in 8ms
 POST /api/gambling 200 in 9ms
 POST /api/gambling 200 in 10ms
 POST /api/gambling 200 in 10ms
 POST /api/gambling 200 in 9ms
 POST /api/gambling 200 in 8ms
 POST /api/gambling 200 in 9ms
 POST /api/gambling 200 in 13ms
 POST /api/gambling 200 in 6ms
 POST /api/gambling 200 in 10ms
 POST /api/gambling 200 in 6ms
 POST /api/gambling 200 in 5ms
 POST /api/gambling 200 in 8ms
 POST /api/gambling 200 in 9ms
 POST /api/gambling 200 in 7ms
 POST /api/gambling 200 in 7ms
 POST /api/gambling 200 in 9ms
 POST /api/gambling 200 in 9ms
 POST /api/gambling 200 in 6ms
 POST /api/gambling 200 in 19ms
 POST /api/gambling 200 in 8ms
 POST /api/gambling 200 in 7ms
 POST /api/gambling 200 in 6ms
 POST /api/gambling 200 in 7ms
 POST /api/gambling 200 in 8ms
 POST /api/gambling 200 in 13ms
 GET /leaderboard 200 in 16ms
 GET /api/getUsers 200 in 12ms
 GET /api/getUsers 304 in 32ms
 GET /api/getUsers 304 in 8ms
 GET /api/getUsers 304 in 27ms
 GET /api/getUsers 304 in 30ms
 GET / 200 in 21ms
 GET / 200 in 25ms
 GET / 200 in 29ms
 GET / 200 in 23ms
 GET / 200 in 23ms
 GET / 200 in 22ms
 GET / 200 in 23ms
 GET / 200 in 17ms
 GET / 200 in 23ms
 GET / 200 in 28ms
 GET / 200 in 18ms
 ✓ Compiled /api/loginOrRegister in 266ms (125 modules)
 POST /api/loginOrRegister 401 in 390ms
 POST /api/loginOrRegister 401 in 6ms
 POST /api/loginOrRegister 401 in 8ms
 POST /api/loginOrRegister 401 in 9ms
 POST /api/loginOrRegister 401 in 4ms
 POST /api/loginOrRegister 401 in 7ms
 POST /api/loginOrRegister 401 in 5ms
 POST /api/loginOrRegister 401 in 8ms
 POST /api/loginOrRegister 401 in 6ms
 POST /api/loginOrRegister 401 in 11ms
 POST /api/loginOrRegister 401 in 4ms
 POST /api/loginOrRegister 401 in 4ms
 POST /api/loginOrRegister 401 in 6ms
 POST /api/loginOrRegister 401 in 11ms
 POST /api/loginOrRegister 401 in 6ms
 POST /api/loginOrRegister 401 in 8ms
 POST /api/loginOrRegister 401 in 7ms
 POST /api/loginOrRegister 401 in 6ms
 POST /api/loginOrRegister 401 in 9ms
 POST /api/loginOrRegister 401 in 6ms
 POST /api/loginOrRegister 401 in 7ms
 POST /api/loginOrRegister 401 in 7ms
 POST /api/loginOrRegister 401 in 8ms
 POST /api/loginOrRegister 401 in 7ms
 ✓ Compiled /select in 424ms (404 modules)
 ✓ Compiled /api/getBuildings in 105ms (170 modules)
 GET /api/getBuildings 200 in 137ms
 ✓ Compiled /api/getFloors in 76ms (172 modules)
 GET /api/getFloors?building=HG 200 in 87ms
 ✓ Compiled /game in 162ms (444 modules)
 ✓ Compiled /api/startRound in 183ms (174 modules)
 POST /api/startRound 200 in 221ms
 ✓ Compiled /api/submitGuess in 76ms (173 modules)
 POST /api/submitGuess 200 in 118ms
 ✓ Compiled /api/getUsers in 76ms (175 modules)
 GET /api/getUsers 200 in 116ms
 ✓ Compiled /api/gambling in 88ms (177 modules)
 POST /api/gambling 200 in 117ms
 GET /api/getUsers 200 in 10ms
 POST /api/gambling 200 in 10ms
 POST /api/gambling 200 in 9ms
 POST /api/gambling 200 in 9ms
 POST /api/gambling 200 in 7ms
 POST /api/gambling 200 in 12ms
 POST /api/gambling 200 in 9ms
 POST /api/gambling 200 in 8ms
 POST /api/gambling 200 in 9ms
 POST /api/gambling 200 in 9ms
 GET /api/getUsers 200 in 33ms
 POST /api/gambling 200 in 12ms
 POST /api/gambling 200 in 10ms
 POST /api/gambling 200 in 10ms
 POST /api/gambling 200 in 12ms
 POST /api/gambling 200 in 8ms
 POST /api/gambling 200 in 7ms
 POST /api/gambling 200 in 10ms
 POST /api/gambling 200 in 9ms
 POST /api/gambling 200 in 7ms
 POST /api/gambling 200 in 6ms
 POST /api/gambling 200 in 6ms
 POST /api/gambling 200 in 6ms
 POST /api/gambling 200 in 8ms
 POST /api/gambling 200 in 10ms
 POST /api/gambling 200 in 11ms
 POST /api/gambling 200 in 9ms
 POST /api/gambling 200 in 9ms
 POST /api/gambling 200 in 8ms
 POST /api/gambling 200 in 11ms
 POST /api/gambling 200 in 9ms
 POST /api/gambling 200 in 8ms
 POST /api/gambling 200 in 8ms
 POST /api/gambling 200 in 6ms
 POST /api/gambling 200 in 8ms
 POST /api/gambling 200 in 8ms
 POST /api/gambling 200 in 6ms
 POST /api/gambling 200 in 7ms
 POST /api/gambling 200 in 9ms
 POST /api/gambling 200 in 11ms
 POST /api/gambling 200 in 10ms
 POST /api/gambling 200 in 10ms
 POST /api/gambling 200 in 9ms
 POST /api/gambling 200 in 8ms
 POST /api/gambling 200 in 9ms
 POST /api/gambling 200 in 12ms
 POST /api/gambling 200 in 9ms
 POST /api/gambling 200 in 12ms
 POST /api/gambling 200 in 6ms
 POST /api/gambling 200 in 11ms
 POST /api/gambling 200 in 6ms
 POST /api/gambling 200 in 9ms
 POST /api/gambling 200 in 7ms
 POST /api/gambling 200 in 8ms
 POST /api/gambling 200 in 9ms
 POST /api/gambling 200 in 10ms
 POST /api/gambling 200 in 8ms
 POST /api/gambling 200 in 12ms
 POST /api/gambling 200 in 12ms
 POST /api/gambling 200 in 7ms
 POST /api/gambling 200 in 9ms
 POST /api/gambling 200 in 8ms
 POST /api/gambling 200 in 9ms
 POST /api/gambling 200 in 9ms
 POST /api/gambling 200 in 9ms
 POST /api/gambling 200 in 12ms
 POST /api/gambling 200 in 7ms
 POST /api/gambling 200 in 9ms
 POST /api/gambling 200 in 7ms
 POST /api/gambling 200 in 8ms
 POST /api/gambling 200 in 6ms
 POST /api/gambling 200 in 14ms
 POST /api/gambling 200 in 6ms
 POST /api/gambling 200 in 6ms
 POST /api/gambling 200 in 3ms
 POST /api/gambling 200 in 8ms
 POST /api/gambling 200 in 8ms
 POST /api/gambling 200 in 8ms
 POST /api/gambling 200 in 8ms
 POST /api/gambling 200 in 11ms
 POST /api/gambling 200 in 9ms
 POST /api/gambling 200 in 8ms
 POST /api/gambling 200 in 6ms
 POST /api/gambling 200 in 10ms
 POST /api/gambling 200 in 9ms
 POST /api/gambling 200 in 9ms
 POST /api/gambling 200 in 8ms
 POST /api/gambling 200 in 10ms
 POST /api/gambling 200 in 7ms
 POST /api/gambling 200 in 6ms
 POST /api/gambling 200 in 10ms
 POST /api/gambling 200 in 11ms
 POST /api/gambling 200 in 12ms
 POST /api/gambling 200 in 10ms
 POST /api/gambling 200 in 9ms
 POST /api/gambling 200 in 6ms
 POST /api/gambling 200 in 12ms
 POST /api/gambling 200 in 5ms
 POST /api/gambling 200 in 7ms
 POST /api/gambling 200 in 9ms
 POST /api/gambling 200 in 6ms
 POST /api/gambling 200 in 6ms
 POST /api/gambling 200 in 7ms
 POST /api/gambling 200 in 11ms
 POST /api/gambling 200 in 9ms
 POST /api/gambling 200 in 6ms
 POST /api/gambling 200 in 11ms
 POST /api/gambling 200 in 9ms
 POST /api/gambling 200 in 8ms
 POST /api/gambling 200 in 9ms
 POST /api/gambling 200 in 10ms
 POST /api/gambling 200 in 8ms
 POST /api/gambling 200 in 6ms
 POST /api/gambling 200 in 4ms
 POST /api/gambling 200 in 12ms
 POST /api/gambling 200 in 7ms
 POST /api/gambling 200 in 7ms
 POST /api/gambling 200 in 8ms
 POST /api/gambling 200 in 4ms
 POST /api/gambling 200 in 6ms
 POST /api/gambling 200 in 6ms
 POST /api/gambling 200 in 8ms
 POST /api/gambling 200 in 6ms
 POST /api/gambling 200 in 6ms
 POST /api/gambling 200 in 12ms
 POST /api/gambling 200 in 15ms
 POST /api/gambling 200 in 7ms
 POST /api/gambling 200 in 9ms
 ✓ Compiled /api/loginOrRegister in 251ms (125 modules)
 POST /api/loginOrRegister 200 in 394ms
 POST /api/loginOrRegister 200 in 84ms
 POST /api/loginOrRegister 200 in 93ms
 ✓ Compiled /api/getBuildings in 102ms (126 modules)
 GET /api/getBuildings 304 in 116ms
 ✓ Compiled /api/getFloors in 88ms (128 modules)
 GET /api/getFloors?building=HG 304 in 101ms
 ✓ Compiled /api/startRound in 101ms (130 modules)
 POST /api/startRound 200 in 189ms
 ✓ Compiled /api/submitGuess in 197ms (132 modules)
 POST /api/submitGuess 200 in 252ms
 ✓ Compiled /api/getUsers in 75ms (134 modules)
 GET /api/getUsers 200 in 110ms
 GET /api/getUsers 304 in 31ms
 GET /api/getUsers 304 in 36ms
 GET / 200 in 64ms
 ○ Compiling /select ...
 ✓ Compiled /select in 563ms (423 modules)
 ✓ Compiled /api/getBuildings in 95ms (167 modules)
 GET /api/getBuildings 200 in 122ms
 ✓ Compiled /api/getFloors in 79ms (148 modules)
 GET /api/getFloors?building=HG 200 in 97ms
 ✓ Compiled /api/getUsers in 71ms (150 modules)
 GET /api/getUsers 304 in 114ms
 GET /api/getBuildings 304 in 11ms
 ✓ Compiled /game in 112ms (443 modules)
 GET /api/getFloors?building=HG 304 in 22ms
 ✓ Compiled /api/startRound in 192ms (173 modules)
 POST /api/startRound 200 in 235ms
 ✓ Compiled /api/submitGuess in 180ms (175 modules)
 POST /api/submitGuess 200 in 249ms
 GET /api/getUsers 200 in 12ms
 ✓ Compiled /api/gambling in 115ms (177 modules)
 POST /api/gambling 200 in 171ms
 POST /api/gambling 200 in 16ms
 GET /api/getBuildings 304 in 11ms
 GET /api/getFloors?building=HG 304 in 6ms
 POST /api/startRound 200 in 63ms
 POST /api/submitGuess 200 in 17ms
 GET /api/getUsers 200 in 10ms
 GET /api/getBuildings 304 in 4ms
 GET /api/getFloors?building=ALL 304 in 4ms
 POST /api/startRound 200 in 9ms
 POST /api/startRound 200 in 8ms
 POST /api/submitGuess 200 in 11ms
 GET /api/getUsers 304 in 6ms
 GET /api/getBuildings 304 in 6ms
 GET /api/getFloors?building=ALL 304 in 5ms
 POST /api/startRound 200 in 9ms
 POST /api/submitGuess 200 in 16ms
 GET /api/getUsers 200 in 9ms
 GET /api/getBuildings 200 in 7ms
 GET /api/getFloors?building=HG 304 in 4ms
 POST /api/startRound 200 in 7ms
 POST /api/submitGuess 200 in 12ms
 GET /api/getBuildings 304 in 5ms
 GET /api/getFloors?building=HG 304 in 6ms
 POST /api/startRound 200 in 39ms
 POST /api/submitGuess 200 in 17ms
 GET / 200 in 61ms
 GET /api/getBuildings 304 in 6ms
 GET /api/getFloors?building=HG 304 in 15ms
 POST /api/submitGuess 200 in 45ms
 POST /api/startRound 200 in 8ms
 POST /api/submitGuess 200 in 54ms
 ✓ Compiled /leaderboard in 448ms (448 modules)
 ✓ Compiled /api/getUsers in 94ms (178 modules)
 GET /api/getUsers 200 in 137ms
 GET /api/getUsers 200 in 10ms
 ✓ Compiled /api/gambling in 74ms (180 modules)
 POST /api/gambling 200 in 115ms
 GET /api/getUsers 200 in 38ms
 GET /api/getUsers 200 in 34ms
 GET /api/getUsers 304 in 33ms
 GET /api/getBuildings 304 in 9ms
 GET /api/getBuildings 304 in 4ms
 GET /api/getFloors?building=HG 304 in 5ms
 POST /api/startRound 200 in 32ms
 POST /api/submitGuess 200 in 47ms
 GET /api/getUsers 200 in 32ms
 GET /api/getBuildings 304 in 5ms
 GET /api/getFloors?building=HG 304 in 4ms
 POST /api/startRound 200 in 14ms
 POST /api/submitGuess 200 in 36ms
 GET /api/getUsers 200 in 8ms
 POST /api/gambling 200 in 9ms
 GET /api/getUsers 200 in 37ms
 GET /leaderboard 200 in 49ms
 GET /api/getUsers 304 in 6ms
 GET /api/getUsers 304 in 30ms
 GET /leaderboard 200 in 12ms
 GET /api/getUsers 304 in 5ms
 GET /api/getUsers 304 in 14ms
 GET /leaderboard 200 in 17ms
 GET /api/getUsers 304 in 6ms
 GET /api/getUsers 304 in 41ms
 GET /leaderboard 200 in 22ms
 GET /api/getUsers 304 in 9ms
 GET /api/getUsers 304 in 41ms
 GET /api/getBuildings 304 in 6ms
 GET /api/getFloors?building=HG 304 in 3ms
 POST /api/startRound 200 in 15ms
 POST /api/submitGuess 200 in 40ms
 GET /api/getUsers 200 in 10ms
 GET /api/getBuildings 304 in 6ms
 GET /api/getUsers 200 in 25ms
 GET /api/getBuildings 304 in 4ms
 GET /api/getFloors?building=HG 304 in 7ms
 POST /api/startRound 200 in 38ms
 GET /api/getBuildings 304 in 10ms
 GET /api/getFloors?building=HG 304 in 4ms
 POST /api/startRound 200 in 37ms
 POST /api/submitGuess 200 in 53ms
 POST /api/submitGuess 200 in 16ms
 GET /api/getUsers 200 in 7ms
 GET /api/getBuildings 304 in 4ms
 GET /api/getFloors?building=HG 304 in 7ms
 POST /api/startRound 200 in 9ms
 GET /api/getUsers 200 in 35ms
 POST /api/submitGuess 200 in 24ms
 GET /api/getUsers 200 in 10ms
 GET / 200 in 35ms
 GET / 200 in 23ms
 GET /api/getBuildings 200 in 4ms
 GET /api/getFloors?building=HG 200 in 5ms
 POST /api/startRound 200 in 35ms
 POST /api/submitGuess 200 in 28ms
 GET /api/getUsers 200 in 9ms
 ✓ Compiled /api/loginOrRegister in 288ms (136 modules)
Database error: error: new row for relation "users" violates check constraint "users_name_check"
    at /home/viscon/campusguessr/node_modules/pg-pool/index.js:45:11
    at process.processTicksAndRejections (node:internal/process/task_queues:95:5)
    at async handler (webpack-internal:///(api)/./pages/api/loginOrRegister.js:37:13)
    at async K (/home/viscon/campusguessr/node_modules/next/dist/compiled/next-server/pages-api.runtime.dev.js:21:2871)
    at async U.render (/home/viscon/campusguessr/node_modules/next/dist/compiled/next-server/pages-api.runtime.dev.js:21:3955)
    at async DevServer.runApi (/home/viscon/campusguessr/node_modules/next/dist/server/next-server.js:598:9)
    at async NextNodeServer.handleCatchallRenderRequest (/home/viscon/campusguessr/node_modules/next/dist/server/next-server.js:269:37)
    at async DevServer.handleRequestImpl (/home/viscon/campusguessr/node_modules/next/dist/server/base-server.js:817:17)
    at async /home/viscon/campusguessr/node_modules/next/dist/server/dev/next-dev-server.js:339:20
    at async Span.traceAsyncFn (/home/viscon/campusguessr/node_modules/next/dist/trace/trace.js:154:20)
    at async DevServer.handleRequest (/home/viscon/campusguessr/node_modules/next/dist/server/dev/next-dev-server.js:336:24)
    at async invokeRender (/home/viscon/campusguessr/node_modules/next/dist/server/lib/router-server.js:173:21)
    at async handleRequest (/home/viscon/campusguessr/node_modules/next/dist/server/lib/router-server.js:350:24)
    at async requestHandlerImpl (/home/viscon/campusguessr/node_modules/next/dist/server/lib/router-server.js:374:13)
    at async Server.requestListener (/home/viscon/campusguessr/node_modules/next/dist/server/lib/start-server.js:141:13) {
  length: 282,
  severity: 'ERROR',
  code: '23514',
  detail: 'Failing row contains (19, player, $2b$10$StgJ/D5la4riDk3GVK0yueGX3zSoCixFMjvTsAFdeimrVU8RJ5Uo2, 0, 0, 0, 5, 0).',
  hint: undefined,
  position: undefined,
  internalPosition: undefined,
  internalQuery: undefined,
  where: undefined,
  schema: 'public',
  table: 'users',
  column: undefined,
  dataType: undefined,
  constraint: 'users_name_check',
  file: 'execMain.c',
  line: '2055',
  routine: 'ExecConstraints'
}
 POST /api/loginOrRegister 500 in 428ms
 GET /api/getBuildings 304 in 9ms
 POST /api/loginOrRegister 200 in 137ms
 GET /api/getBuildings 304 in 7ms
Database error: error: new row for relation "users" violates check constraint "users_name_check"
    at /home/viscon/campusguessr/node_modules/pg-pool/index.js:45:11
    at process.processTicksAndRejections (node:internal/process/task_queues:95:5)
    at async handler (webpack-internal:///(api)/./pages/api/loginOrRegister.js:37:13)
    at async K (/home/viscon/campusguessr/node_modules/next/dist/compiled/next-server/pages-api.runtime.dev.js:21:2871)
    at async U.render (/home/viscon/campusguessr/node_modules/next/dist/compiled/next-server/pages-api.runtime.dev.js:21:3955)
    at async DevServer.runApi (/home/viscon/campusguessr/node_modules/next/dist/server/next-server.js:598:9)
    at async NextNodeServer.handleCatchallRenderRequest (/home/viscon/campusguessr/node_modules/next/dist/server/next-server.js:269:37)
    at async DevServer.handleRequestImpl (/home/viscon/campusguessr/node_modules/next/dist/server/base-server.js:817:17)
    at async /home/viscon/campusguessr/node_modules/next/dist/server/dev/next-dev-server.js:339:20
    at async Span.traceAsyncFn (/home/viscon/campusguessr/node_modules/next/dist/trace/trace.js:154:20)
    at async DevServer.handleRequest (/home/viscon/campusguessr/node_modules/next/dist/server/dev/next-dev-server.js:336:24)
    at async invokeRender (/home/viscon/campusguessr/node_modules/next/dist/server/lib/router-server.js:173:21)
    at async handleRequest (/home/viscon/campusguessr/node_modules/next/dist/server/lib/router-server.js:350:24)
    at async requestHandlerImpl (/home/viscon/campusguessr/node_modules/next/dist/server/lib/router-server.js:374:13)
    at async Server.requestListener (/home/viscon/campusguessr/node_modules/next/dist/server/lib/start-server.js:141:13) {
  length: 282,
  severity: 'ERROR',
  code: '23514',
  detail: 'Failing row contains (21, test99, $2b$10$rs.SG3ctbrL0C3Am/AXaKul54KNrfIv5X4nwHrBKd.XA4cS7wOtKa, 0, 0, 0, 5, 0).',
  hint: undefined,
  position: undefined,
  internalPosition: undefined,
  internalQuery: undefined,
  where: undefined,
  schema: 'public',
  table: 'users',
  column: undefined,
  dataType: undefined,
  constraint: 'users_name_check',
  file: 'execMain.c',
  line: '2055',
  routine: 'ExecConstraints'
}
 POST /api/loginOrRegister 500 in 133ms
 GET /api/getFloors?building=HG 304 in 9ms
 POST /api/startRound 200 in 65ms
 POST /api/submitGuess 200 in 51ms
Database error: error: new row for relation "users" violates check constraint "users_name_check"
    at /home/viscon/campusguessr/node_modules/pg-pool/index.js:45:11
    at process.processTicksAndRejections (node:internal/process/task_queues:95:5)
    at async handler (webpack-internal:///(api)/./pages/api/loginOrRegister.js:37:13)
    at async K (/home/viscon/campusguessr/node_modules/next/dist/compiled/next-server/pages-api.runtime.dev.js:21:2871)
    at async U.render (/home/viscon/campusguessr/node_modules/next/dist/compiled/next-server/pages-api.runtime.dev.js:21:3955)
    at async DevServer.runApi (/home/viscon/campusguessr/node_modules/next/dist/server/next-server.js:598:9)
    at async NextNodeServer.handleCatchallRenderRequest (/home/viscon/campusguessr/node_modules/next/dist/server/next-server.js:269:37)
    at async DevServer.handleRequestImpl (/home/viscon/campusguessr/node_modules/next/dist/server/base-server.js:817:17)
    at async /home/viscon/campusguessr/node_modules/next/dist/server/dev/next-dev-server.js:339:20
    at async Span.traceAsyncFn (/home/viscon/campusguessr/node_modules/next/dist/trace/trace.js:154:20)
    at async DevServer.handleRequest (/home/viscon/campusguessr/node_modules/next/dist/server/dev/next-dev-server.js:336:24)
    at async invokeRender (/home/viscon/campusguessr/node_modules/next/dist/server/lib/router-server.js:173:21)
    at async handleRequest (/home/viscon/campusguessr/node_modules/next/dist/server/lib/router-server.js:350:24)
    at async requestHandlerImpl (/home/viscon/campusguessr/node_modules/next/dist/server/lib/router-server.js:374:13)
    at async Server.requestListener (/home/viscon/campusguessr/node_modules/next/dist/server/lib/start-server.js:141:13) {
  length: 283,
  severity: 'ERROR',
  code: '23514',
  detail: 'Failing row contains (22, 1234567, $2b$10$j98TrjrO79QhmBGSWyR7F.j3eUoAppaB6af5Ga/.aNkafYGWXgKNG, 0, 0, 0, 5, 0).',
  hint: undefined,
  position: undefined,
  internalPosition: undefined,
  internalQuery: undefined,
  where: undefined,
  schema: 'public',
  table: 'users',
  column: undefined,
  dataType: undefined,
  constraint: 'users_name_check',
  file: 'execMain.c',
  line: '2055',
  routine: 'ExecConstraints'
}
 POST /api/loginOrRegister 500 in 86ms
Database error: error: new row for relation "users" violates check constraint "users_name_check"
    at /home/viscon/campusguessr/node_modules/pg-pool/index.js:45:11
    at process.processTicksAndRejections (node:internal/process/task_queues:95:5)
    at async handler (webpack-internal:///(api)/./pages/api/loginOrRegister.js:37:13)
    at async K (/home/viscon/campusguessr/node_modules/next/dist/compiled/next-server/pages-api.runtime.dev.js:21:2871)
    at async U.render (/home/viscon/campusguessr/node_modules/next/dist/compiled/next-server/pages-api.runtime.dev.js:21:3955)
    at async DevServer.runApi (/home/viscon/campusguessr/node_modules/next/dist/server/next-server.js:598:9)
    at async NextNodeServer.handleCatchallRenderRequest (/home/viscon/campusguessr/node_modules/next/dist/server/next-server.js:269:37)
    at async DevServer.handleRequestImpl (/home/viscon/campusguessr/node_modules/next/dist/server/base-server.js:817:17)
    at async /home/viscon/campusguessr/node_modules/next/dist/server/dev/next-dev-server.js:339:20
    at async Span.traceAsyncFn (/home/viscon/campusguessr/node_modules/next/dist/trace/trace.js:154:20)
    at async DevServer.handleRequest (/home/viscon/campusguessr/node_modules/next/dist/server/dev/next-dev-server.js:336:24)
    at async invokeRender (/home/viscon/campusguessr/node_modules/next/dist/server/lib/router-server.js:173:21)
    at async handleRequest (/home/viscon/campusguessr/node_modules/next/dist/server/lib/router-server.js:350:24)
    at async requestHandlerImpl (/home/viscon/campusguessr/node_modules/next/dist/server/lib/router-server.js:374:13)
    at async Server.requestListener (/home/viscon/campusguessr/node_modules/next/dist/server/lib/start-server.js:141:13) {
  length: 283,
  severity: 'ERROR',
  code: '23514',
  detail: 'Failing row contains (23, 1234567, $2b$10$rtal601c8sFf2ICGEufIP.XEF9M0xeF3dQqfgbr39sM.HDqL5ihCe, 0, 0, 0, 5, 0).',
  hint: undefined,
  position: undefined,
  internalPosition: undefined,
  internalQuery: undefined,
  where: undefined,
  schema: 'public',
  table: 'users',
  column: undefined,
  dataType: undefined,
  constraint: 'users_name_check',
  file: 'execMain.c',
  line: '2055',
  routine: 'ExecConstraints'
}
 POST /api/loginOrRegister 500 in 120ms
 POST /api/loginOrRegister 200 in 110ms
 GET /api/getUsers 200 in 15ms
 GET /leaderboard 200 in 53ms
 GET /api/getUsers 200 in 31ms
 GET /api/getUsers 304 in 6ms
 ✓ Compiled /api/gambling in 130ms (126 modules)
 POST /api/gambling 200 in 166ms
 POST /api/gambling 200 in 10ms
 POST /api/gambling 200 in 11ms
 POST /api/gambling 200 in 10ms
 POST /api/gambling 200 in 40ms
 POST /api/gambling 200 in 9ms
 POST /api/gambling 200 in 7ms
 POST /api/gambling 200 in 12ms
 GET /api/getUsers 200 in 27ms
 GET / 200 in 48ms
 GET / 200 in 16ms
 ○ Compiling /select ...
 ✓ Compiled /select in 565ms (404 modules)
 ✓ Compiled /api/getBuildings in 100ms (170 modules)
 GET /api/getBuildings 304 in 127ms
 ✓ Compiled /api/getFloors in 87ms (172 modules)
 GET /api/getFloors?building=HG 304 in 101ms
 ✓ Compiled /game in 184ms (444 modules)
 ✓ Compiled /api/startRound in 221ms (174 modules)
 POST /api/startRound 200 in 275ms
 ✓ Compiled /api/submitGuess in 168ms (173 modules)
 POST /api/submitGuess 200 in 238ms
 ✓ Compiled /api/loginOrRegister in 225ms (176 modules)
 POST /api/loginOrRegister 401 in 263ms
 POST /api/loginOrRegister 401 in 35ms
 POST /api/loginOrRegister 401 in 5ms
 POST /api/loginOrRegister 401 in 7ms
 POST /api/loginOrRegister 401 in 7ms
 POST /api/loginOrRegister 401 in 6ms
 POST /api/loginOrRegister 401 in 52ms
 POST /api/loginOrRegister 401 in 6ms
 POST /api/loginOrRegister 401 in 6ms
Database error: error: new row for relation "users" violates check constraint "users_name_check"
    at /home/viscon/campusguessr/node_modules/pg-pool/index.js:45:11
    at process.processTicksAndRejections (node:internal/process/task_queues:95:5)
    at async handler (webpack-internal:///(api)/./pages/api/loginOrRegister.js:37:13)
    at async K (/home/viscon/campusguessr/node_modules/next/dist/compiled/next-server/pages-api.runtime.dev.js:21:2871)
    at async U.render (/home/viscon/campusguessr/node_modules/next/dist/compiled/next-server/pages-api.runtime.dev.js:21:3955)
    at async DevServer.runApi (/home/viscon/campusguessr/node_modules/next/dist/server/next-server.js:598:9)
    at async NextNodeServer.handleCatchallRenderRequest (/home/viscon/campusguessr/node_modules/next/dist/server/next-server.js:269:37)
    at async DevServer.handleRequestImpl (/home/viscon/campusguessr/node_modules/next/dist/server/base-server.js:817:17)
    at async /home/viscon/campusguessr/node_modules/next/dist/server/dev/next-dev-server.js:339:20
    at async Span.traceAsyncFn (/home/viscon/campusguessr/node_modules/next/dist/trace/trace.js:154:20)
    at async DevServer.handleRequest (/home/viscon/campusguessr/node_modules/next/dist/server/dev/next-dev-server.js:336:24)
    at async invokeRender (/home/viscon/campusguessr/node_modules/next/dist/server/lib/router-server.js:173:21)
    at async handleRequest (/home/viscon/campusguessr/node_modules/next/dist/server/lib/router-server.js:350:24)
    at async requestHandlerImpl (/home/viscon/campusguessr/node_modules/next/dist/server/lib/router-server.js:374:13)
    at async Server.requestListener (/home/viscon/campusguessr/node_modules/next/dist/server/lib/start-server.js:141:13) {
  length: 282,
  severity: 'ERROR',
  code: '23514',
  detail: 'Failing row contains (25, srpnt3, $2b$10$AyT/.U460rwDVGZgjwPyGeNSJMQNK6sdb/kUcP4wkh9yI3wntIMQa, 0, 0, 0, 5, 0).',
  hint: undefined,
  position: undefined,
  internalPosition: undefined,
  internalQuery: undefined,
  where: undefined,
  schema: 'public',
  table: 'users',
  column: undefined,
  dataType: undefined,
  constraint: 'users_name_check',
  file: 'execMain.c',
  line: '2055',
  routine: 'ExecConstraints'
}
 POST /api/loginOrRegister 500 in 156ms
Database error: error: new row for relation "users" violates check constraint "users_name_check"
    at /home/viscon/campusguessr/node_modules/pg-pool/index.js:45:11
    at process.processTicksAndRejections (node:internal/process/task_queues:95:5)
    at async handler (webpack-internal:///(api)/./pages/api/loginOrRegister.js:37:13)
    at async K (/home/viscon/campusguessr/node_modules/next/dist/compiled/next-server/pages-api.runtime.dev.js:21:2871)
    at async U.render (/home/viscon/campusguessr/node_modules/next/dist/compiled/next-server/pages-api.runtime.dev.js:21:3955)
    at async DevServer.runApi (/home/viscon/campusguessr/node_modules/next/dist/server/next-server.js:598:9)
    at async NextNodeServer.handleCatchallRenderRequest (/home/viscon/campusguessr/node_modules/next/dist/server/next-server.js:269:37)
    at async DevServer.handleRequestImpl (/home/viscon/campusguessr/node_modules/next/dist/server/base-server.js:817:17)
    at async /home/viscon/campusguessr/node_modules/next/dist/server/dev/next-dev-server.js:339:20
    at async Span.traceAsyncFn (/home/viscon/campusguessr/node_modules/next/dist/trace/trace.js:154:20)
    at async DevServer.handleRequest (/home/viscon/campusguessr/node_modules/next/dist/server/dev/next-dev-server.js:336:24)
    at async invokeRender (/home/viscon/campusguessr/node_modules/next/dist/server/lib/router-server.js:173:21)
    at async handleRequest (/home/viscon/campusguessr/node_modules/next/dist/server/lib/router-server.js:350:24)
    at async requestHandlerImpl (/home/viscon/campusguessr/node_modules/next/dist/server/lib/router-server.js:374:13)
    at async Server.requestListener (/home/viscon/campusguessr/node_modules/next/dist/server/lib/start-server.js:141:13) {
  length: 282,
  severity: 'ERROR',
  code: '23514',
  detail: 'Failing row contains (26, srpnt3, $2b$10$HRHqQSpXiH7L6YHrsnfap.kUMrKyVoCYZGDnorpTRVLZLBMKKE1fi, 0, 0, 0, 5, 0).',
  hint: undefined,
  position: undefined,
  internalPosition: undefined,
  internalQuery: undefined,
  where: undefined,
  schema: 'public',
  table: 'users',
  column: undefined,
  dataType: undefined,
  constraint: 'users_name_check',
  file: 'execMain.c',
  line: '2055',
  routine: 'ExecConstraints'
}
 POST /api/loginOrRegister 500 in 133ms
Database error: error: new row for relation "users" violates check constraint "users_name_check"
    at /home/viscon/campusguessr/node_modules/pg-pool/index.js:45:11
    at process.processTicksAndRejections (node:internal/process/task_queues:95:5)
    at async handler (webpack-internal:///(api)/./pages/api/loginOrRegister.js:37:13)
    at async K (/home/viscon/campusguessr/node_modules/next/dist/compiled/next-server/pages-api.runtime.dev.js:21:2871)
    at async U.render (/home/viscon/campusguessr/node_modules/next/dist/compiled/next-server/pages-api.runtime.dev.js:21:3955)
    at async DevServer.runApi (/home/viscon/campusguessr/node_modules/next/dist/server/next-server.js:598:9)
    at async NextNodeServer.handleCatchallRenderRequest (/home/viscon/campusguessr/node_modules/next/dist/server/next-server.js:269:37)
    at async DevServer.handleRequestImpl (/home/viscon/campusguessr/node_modules/next/dist/server/base-server.js:817:17)
    at async /home/viscon/campusguessr/node_modules/next/dist/server/dev/next-dev-server.js:339:20
    at async Span.traceAsyncFn (/home/viscon/campusguessr/node_modules/next/dist/trace/trace.js:154:20)
    at async DevServer.handleRequest (/home/viscon/campusguessr/node_modules/next/dist/server/dev/next-dev-server.js:336:24)
    at async invokeRender (/home/viscon/campusguessr/node_modules/next/dist/server/lib/router-server.js:173:21)
    at async handleRequest (/home/viscon/campusguessr/node_modules/next/dist/server/lib/router-server.js:350:24)
    at async requestHandlerImpl (/home/viscon/campusguessr/node_modules/next/dist/server/lib/router-server.js:374:13)
    at async Server.requestListener (/home/viscon/campusguessr/node_modules/next/dist/server/lib/start-server.js:141:13) {
  length: 282,
  severity: 'ERROR',
  code: '23514',
  detail: 'Failing row contains (27, srpnt3, $2b$10$J8FGUZgnqEZ7q5P/zHwiROfDBT6EUcMtSMMy6m5eHJvx0idYw46M2, 0, 0, 0, 5, 0).',
  hint: undefined,
  position: undefined,
  internalPosition: undefined,
  internalQuery: undefined,
  where: undefined,
  schema: 'public',
  table: 'users',
  column: undefined,
  dataType: undefined,
  constraint: 'users_name_check',
  file: 'execMain.c',
  line: '2055',
  routine: 'ExecConstraints'
}
 POST /api/loginOrRegister 500 in 126ms
Database error: error: new row for relation "users" violates check constraint "users_name_check"
    at /home/viscon/campusguessr/node_modules/pg-pool/index.js:45:11
    at process.processTicksAndRejections (node:internal/process/task_queues:95:5)
    at async handler (webpack-internal:///(api)/./pages/api/loginOrRegister.js:37:13)
    at async K (/home/viscon/campusguessr/node_modules/next/dist/compiled/next-server/pages-api.runtime.dev.js:21:2871)
    at async U.render (/home/viscon/campusguessr/node_modules/next/dist/compiled/next-server/pages-api.runtime.dev.js:21:3955)
    at async DevServer.runApi (/home/viscon/campusguessr/node_modules/next/dist/server/next-server.js:598:9)
    at async NextNodeServer.handleCatchallRenderRequest (/home/viscon/campusguessr/node_modules/next/dist/server/next-server.js:269:37)
    at async DevServer.handleRequestImpl (/home/viscon/campusguessr/node_modules/next/dist/server/base-server.js:817:17)
    at async /home/viscon/campusguessr/node_modules/next/dist/server/dev/next-dev-server.js:339:20
    at async Span.traceAsyncFn (/home/viscon/campusguessr/node_modules/next/dist/trace/trace.js:154:20)
    at async DevServer.handleRequest (/home/viscon/campusguessr/node_modules/next/dist/server/dev/next-dev-server.js:336:24)
    at async invokeRender (/home/viscon/campusguessr/node_modules/next/dist/server/lib/router-server.js:173:21)
    at async handleRequest (/home/viscon/campusguessr/node_modules/next/dist/server/lib/router-server.js:350:24)
    at async requestHandlerImpl (/home/viscon/campusguessr/node_modules/next/dist/server/lib/router-server.js:374:13)
    at async Server.requestListener (/home/viscon/campusguessr/node_modules/next/dist/server/lib/start-server.js:141:13) {
  length: 282,
  severity: 'ERROR',
  code: '23514',
  detail: 'Failing row contains (28, srpnt3, $2b$10$ppuQFz2jrh.hf6wPTA5Sk.zlzbg/7pYhSgLiotCo0hOllRX7wxE3., 0, 0, 0, 5, 0).',
  hint: undefined,
  position: undefined,
  internalPosition: undefined,
  internalQuery: undefined,
  where: undefined,
  schema: 'public',
  table: 'users',
  column: undefined,
  dataType: undefined,
  constraint: 'users_name_check',
  file: 'execMain.c',
  line: '2055',
  routine: 'ExecConstraints'
}
 POST /api/loginOrRegister 500 in 132ms
Database error: error: new row for relation "users" violates check constraint "users_name_check"
    at /home/viscon/campusguessr/node_modules/pg-pool/index.js:45:11
    at process.processTicksAndRejections (node:internal/process/task_queues:95:5)
    at async handler (webpack-internal:///(api)/./pages/api/loginOrRegister.js:37:13)
    at async K (/home/viscon/campusguessr/node_modules/next/dist/compiled/next-server/pages-api.runtime.dev.js:21:2871)
    at async U.render (/home/viscon/campusguessr/node_modules/next/dist/compiled/next-server/pages-api.runtime.dev.js:21:3955)
    at async DevServer.runApi (/home/viscon/campusguessr/node_modules/next/dist/server/next-server.js:598:9)
    at async NextNodeServer.handleCatchallRenderRequest (/home/viscon/campusguessr/node_modules/next/dist/server/next-server.js:269:37)
    at async DevServer.handleRequestImpl (/home/viscon/campusguessr/node_modules/next/dist/server/base-server.js:817:17)
    at async /home/viscon/campusguessr/node_modules/next/dist/server/dev/next-dev-server.js:339:20
    at async Span.traceAsyncFn (/home/viscon/campusguessr/node_modules/next/dist/trace/trace.js:154:20)
    at async DevServer.handleRequest (/home/viscon/campusguessr/node_modules/next/dist/server/dev/next-dev-server.js:336:24)
    at async invokeRender (/home/viscon/campusguessr/node_modules/next/dist/server/lib/router-server.js:173:21)
    at async handleRequest (/home/viscon/campusguessr/node_modules/next/dist/server/lib/router-server.js:350:24)
    at async requestHandlerImpl (/home/viscon/campusguessr/node_modules/next/dist/server/lib/router-server.js:374:13)
    at async Server.requestListener (/home/viscon/campusguessr/node_modules/next/dist/server/lib/start-server.js:141:13) {
  length: 282,
  severity: 'ERROR',
  code: '23514',
  detail: 'Failing row contains (29, srpnt3, $2b$10$7dxAykpYvC9sN/u61SrJRObf5RTa.jQXsC9sOE9Ff/NyEB/r50Kzm, 0, 0, 0, 5, 0).',
  hint: undefined,
  position: undefined,
  internalPosition: undefined,
  internalQuery: undefined,
  where: undefined,
  schema: 'public',
  table: 'users',
  column: undefined,
  dataType: undefined,
  constraint: 'users_name_check',
  file: 'execMain.c',
  line: '2055',
  routine: 'ExecConstraints'
}
 POST /api/loginOrRegister 500 in 130ms
 GET /api/getBuildings 304 in 7ms
 GET /api/getFloors?building=HG 304 in 24ms
 POST /api/startRound 200 in 41ms
 POST /api/submitGuess 200 in 26ms
 ✓ Compiled /api/getUsers in 271ms (178 modules)
 GET /api/getUsers 200 in 314ms
 GET /api/getUsers 304 in 7ms
 GET /api/getUsers 304 in 29ms
 GET /api/getBuildings 304 in 7ms
 GET /api/getFloors?building=HG 304 in 9ms
 GET / 200 in 58ms
 POST /api/startRound 200 in 44ms
 POST /api/submitGuess 200 in 73ms
 GET /api/getUsers 200 in 35ms
 GET /api/getUsers 304 in 36ms
 GET / 200 in 27ms
 POST /api/loginOrRegister 200 in 108ms
 GET / 200 in 16ms
 GET /api/getBuildings 200 in 6ms
 GET /api/getFloors?building=HG 200 in 4ms
 GET / 200 in 22ms
 GET / 200 in 22ms
 POST /api/loginOrRegister 200 in 134ms
 GET /api/getBuildings 200 in 6ms
 GET /api/getFloors?building=ALL 200 in 6ms
 POST /api/startRound 200 in 10ms
 POST /api/submitGuess 200 in 38ms
 ✓ Compiled /leaderboard in 215ms (451 modules)
 ✓ Compiled /api/getUsers in 121ms (181 modules)
 GET /api/getUsers 200 in 189ms
 ✓ Compiled /api/gambling in 197ms (183 modules)
 POST /api/gambling 200 in 258ms
 POST /api/gambling 200 in 10ms
 POST /api/gambling 200 in 8ms
 POST /api/gambling 200 in 6ms
 POST /api/gambling 200 in 4ms
 POST /api/gambling 200 in 4ms
 GET / 200 in 44ms
 GET /api/getBuildings 304 in 10ms
 POST /api/startRound 200 in 50ms
 GET / 200 in 33ms
Database error: error: new row for relation "users" violates check constraint "users_name_check"
    at /home/viscon/campusguessr/node_modules/pg-pool/index.js:45:11
    at process.processTicksAndRejections (node:internal/process/task_queues:95:5)
    at async handler (webpack-internal:///(api)/./pages/api/loginOrRegister.js:37:13)
    at async K (/home/viscon/campusguessr/node_modules/next/dist/compiled/next-server/pages-api.runtime.dev.js:21:2871)
    at async U.render (/home/viscon/campusguessr/node_modules/next/dist/compiled/next-server/pages-api.runtime.dev.js:21:3955)
    at async DevServer.runApi (/home/viscon/campusguessr/node_modules/next/dist/server/next-server.js:598:9)
    at async NextNodeServer.handleCatchallRenderRequest (/home/viscon/campusguessr/node_modules/next/dist/server/next-server.js:269:37)
    at async DevServer.handleRequestImpl (/home/viscon/campusguessr/node_modules/next/dist/server/base-server.js:817:17)
    at async /home/viscon/campusguessr/node_modules/next/dist/server/dev/next-dev-server.js:339:20
    at async Span.traceAsyncFn (/home/viscon/campusguessr/node_modules/next/dist/trace/trace.js:154:20)
    at async DevServer.handleRequest (/home/viscon/campusguessr/node_modules/next/dist/server/dev/next-dev-server.js:336:24)
    at async invokeRender (/home/viscon/campusguessr/node_modules/next/dist/server/lib/router-server.js:173:21)
    at async handleRequest (/home/viscon/campusguessr/node_modules/next/dist/server/lib/router-server.js:350:24)
    at async requestHandlerImpl (/home/viscon/campusguessr/node_modules/next/dist/server/lib/router-server.js:374:13)
    at async Server.requestListener (/home/viscon/campusguessr/node_modules/next/dist/server/lib/start-server.js:141:13) {
  length: 282,
  severity: 'ERROR',
  code: '23514',
  detail: 'Failing row contains (32, fdajkl, $2b$10$Cp68KPq1ThH9BgL/voqKMOJQj8mA8B1W/.K70QIEK9mQgSKhFLwya, 0, 0, 0, 5, 0).',
  hint: undefined,
  position: undefined,
  internalPosition: undefined,
  internalQuery: undefined,
  where: undefined,
  schema: 'public',
  table: 'users',
  column: undefined,
  dataType: undefined,
  constraint: 'users_name_check',
  file: 'execMain.c',
  line: '2055',
  routine: 'ExecConstraints'
}
 POST /api/loginOrRegister 500 in 169ms
Database error: error: new row for relation "users" violates check constraint "users_name_check"
    at /home/viscon/campusguessr/node_modules/pg-pool/index.js:45:11
    at process.processTicksAndRejections (node:internal/process/task_queues:95:5)
    at async handler (webpack-internal:///(api)/./pages/api/loginOrRegister.js:37:13)
    at async K (/home/viscon/campusguessr/node_modules/next/dist/compiled/next-server/pages-api.runtime.dev.js:21:2871)
    at async U.render (/home/viscon/campusguessr/node_modules/next/dist/compiled/next-server/pages-api.runtime.dev.js:21:3955)
    at async DevServer.runApi (/home/viscon/campusguessr/node_modules/next/dist/server/next-server.js:598:9)
    at async NextNodeServer.handleCatchallRenderRequest (/home/viscon/campusguessr/node_modules/next/dist/server/next-server.js:269:37)
    at async DevServer.handleRequestImpl (/home/viscon/campusguessr/node_modules/next/dist/server/base-server.js:817:17)
    at async /home/viscon/campusguessr/node_modules/next/dist/server/dev/next-dev-server.js:339:20
    at async Span.traceAsyncFn (/home/viscon/campusguessr/node_modules/next/dist/trace/trace.js:154:20)
    at async DevServer.handleRequest (/home/viscon/campusguessr/node_modules/next/dist/server/dev/next-dev-server.js:336:24)
    at async invokeRender (/home/viscon/campusguessr/node_modules/next/dist/server/lib/router-server.js:173:21)
    at async handleRequest (/home/viscon/campusguessr/node_modules/next/dist/server/lib/router-server.js:350:24)
    at async requestHandlerImpl (/home/viscon/campusguessr/node_modules/next/dist/server/lib/router-server.js:374:13)
    at async Server.requestListener (/home/viscon/campusguessr/node_modules/next/dist/server/lib/start-server.js:141:13) {
  length: 282,
  severity: 'ERROR',
  code: '23514',
  detail: 'Failing row contains (33, fdajkl, $2b$10$wsqaIle1XUzv92JzKHbC5uA6EigmKEPvYWnc5.sy5hZ8iO5LkFDiC, 0, 0, 0, 5, 0).',
  hint: undefined,
  position: undefined,
  internalPosition: undefined,
  internalQuery: undefined,
  where: undefined,
  schema: 'public',
  table: 'users',
  column: undefined,
  dataType: undefined,
  constraint: 'users_name_check',
  file: 'execMain.c',
  line: '2055',
  routine: 'ExecConstraints'
}
 POST /api/loginOrRegister 500 in 125ms
Database error: error: new row for relation "users" violates check constraint "users_name_check"
    at /home/viscon/campusguessr/node_modules/pg-pool/index.js:45:11
    at process.processTicksAndRejections (node:internal/process/task_queues:95:5)
    at async handler (webpack-internal:///(api)/./pages/api/loginOrRegister.js:37:13)
    at async K (/home/viscon/campusguessr/node_modules/next/dist/compiled/next-server/pages-api.runtime.dev.js:21:2871)
    at async U.render (/home/viscon/campusguessr/node_modules/next/dist/compiled/next-server/pages-api.runtime.dev.js:21:3955)
    at async DevServer.runApi (/home/viscon/campusguessr/node_modules/next/dist/server/next-server.js:598:9)
    at async NextNodeServer.handleCatchallRenderRequest (/home/viscon/campusguessr/node_modules/next/dist/server/next-server.js:269:37)
    at async DevServer.handleRequestImpl (/home/viscon/campusguessr/node_modules/next/dist/server/base-server.js:817:17)
    at async /home/viscon/campusguessr/node_modules/next/dist/server/dev/next-dev-server.js:339:20
    at async Span.traceAsyncFn (/home/viscon/campusguessr/node_modules/next/dist/trace/trace.js:154:20)
    at async DevServer.handleRequest (/home/viscon/campusguessr/node_modules/next/dist/server/dev/next-dev-server.js:336:24)
    at async invokeRender (/home/viscon/campusguessr/node_modules/next/dist/server/lib/router-server.js:173:21)
    at async handleRequest (/home/viscon/campusguessr/node_modules/next/dist/server/lib/router-server.js:350:24)
    at async requestHandlerImpl (/home/viscon/campusguessr/node_modules/next/dist/server/lib/router-server.js:374:13)
    at async Server.requestListener (/home/viscon/campusguessr/node_modules/next/dist/server/lib/start-server.js:141:13) {
  length: 282,
  severity: 'ERROR',
  code: '23514',
  detail: 'Failing row contains (34, fdajkl, $2b$10$noEJ16BpBwAkDn9ewDxkFO3QPwlKR0SAIE5igTL.TFhgem7lRr9la, 0, 0, 0, 5, 0).',
  hint: undefined,
  position: undefined,
  internalPosition: undefined,
  internalQuery: undefined,
  where: undefined,
  schema: 'public',
  table: 'users',
  column: undefined,
  dataType: undefined,
  constraint: 'users_name_check',
  file: 'execMain.c',
  line: '2055',
  routine: 'ExecConstraints'
}
 POST /api/loginOrRegister 500 in 131ms
Database error: error: new row for relation "users" violates check constraint "users_name_check"
    at /home/viscon/campusguessr/node_modules/pg-pool/index.js:45:11
    at process.processTicksAndRejections (node:internal/process/task_queues:95:5)
    at async handler (webpack-internal:///(api)/./pages/api/loginOrRegister.js:37:13)
    at async K (/home/viscon/campusguessr/node_modules/next/dist/compiled/next-server/pages-api.runtime.dev.js:21:2871)
    at async U.render (/home/viscon/campusguessr/node_modules/next/dist/compiled/next-server/pages-api.runtime.dev.js:21:3955)
    at async DevServer.runApi (/home/viscon/campusguessr/node_modules/next/dist/server/next-server.js:598:9)
    at async NextNodeServer.handleCatchallRenderRequest (/home/viscon/campusguessr/node_modules/next/dist/server/next-server.js:269:37)
    at async DevServer.handleRequestImpl (/home/viscon/campusguessr/node_modules/next/dist/server/base-server.js:817:17)
    at async /home/viscon/campusguessr/node_modules/next/dist/server/dev/next-dev-server.js:339:20
    at async Span.traceAsyncFn (/home/viscon/campusguessr/node_modules/next/dist/trace/trace.js:154:20)
    at async DevServer.handleRequest (/home/viscon/campusguessr/node_modules/next/dist/server/dev/next-dev-server.js:336:24)
    at async invokeRender (/home/viscon/campusguessr/node_modules/next/dist/server/lib/router-server.js:173:21)
    at async handleRequest (/home/viscon/campusguessr/node_modules/next/dist/server/lib/router-server.js:350:24)
    at async requestHandlerImpl (/home/viscon/campusguessr/node_modules/next/dist/server/lib/router-server.js:374:13)
    at async Server.requestListener (/home/viscon/campusguessr/node_modules/next/dist/server/lib/start-server.js:141:13) {
  length: 282,
  severity: 'ERROR',
  code: '23514',
  detail: 'Failing row contains (35, fdajkl, $2b$10$M.mTiqKErXbynLoh6dOKHelzd5inzOKL5jfukGkSh2broET4Jj78a, 0, 0, 0, 5, 0).',
  hint: undefined,
  position: undefined,
  internalPosition: undefined,
  internalQuery: undefined,
  where: undefined,
  schema: 'public',
  table: 'users',
  column: undefined,
  dataType: undefined,
  constraint: 'users_name_check',
  file: 'execMain.c',
  line: '2055',
  routine: 'ExecConstraints'
}
 POST /api/loginOrRegister 500 in 150ms
Database error: error: new row for relation "users" violates check constraint "users_name_check"
    at /home/viscon/campusguessr/node_modules/pg-pool/index.js:45:11
    at process.processTicksAndRejections (node:internal/process/task_queues:95:5)
    at async handler (webpack-internal:///(api)/./pages/api/loginOrRegister.js:37:13)
    at async K (/home/viscon/campusguessr/node_modules/next/dist/compiled/next-server/pages-api.runtime.dev.js:21:2871)
    at async U.render (/home/viscon/campusguessr/node_modules/next/dist/compiled/next-server/pages-api.runtime.dev.js:21:3955)
    at async DevServer.runApi (/home/viscon/campusguessr/node_modules/next/dist/server/next-server.js:598:9)
    at async NextNodeServer.handleCatchallRenderRequest (/home/viscon/campusguessr/node_modules/next/dist/server/next-server.js:269:37)
    at async DevServer.handleRequestImpl (/home/viscon/campusguessr/node_modules/next/dist/server/base-server.js:817:17)
    at async /home/viscon/campusguessr/node_modules/next/dist/server/dev/next-dev-server.js:339:20
    at async Span.traceAsyncFn (/home/viscon/campusguessr/node_modules/next/dist/trace/trace.js:154:20)
    at async DevServer.handleRequest (/home/viscon/campusguessr/node_modules/next/dist/server/dev/next-dev-server.js:336:24)
    at async invokeRender (/home/viscon/campusguessr/node_modules/next/dist/server/lib/router-server.js:173:21)
    at async handleRequest (/home/viscon/campusguessr/node_modules/next/dist/server/lib/router-server.js:350:24)
    at async requestHandlerImpl (/home/viscon/campusguessr/node_modules/next/dist/server/lib/router-server.js:374:13)
    at async Server.requestListener (/home/viscon/campusguessr/node_modules/next/dist/server/lib/start-server.js:141:13) {
  length: 282,
  severity: 'ERROR',
  code: '23514',
  detail: 'Failing row contains (36, fdajkl, $2b$10$1sm/fTl.7wrd5zGzwCd5p.unKWSj2EWholiRrtbwBwsmc2I8rtJWK, 0, 0, 0, 5, 0).',
  hint: undefined,
  position: undefined,
  internalPosition: undefined,
  internalQuery: undefined,
  where: undefined,
  schema: 'public',
  table: 'users',
  column: undefined,
  dataType: undefined,
  constraint: 'users_name_check',
  file: 'execMain.c',
  line: '2055',
  routine: 'ExecConstraints'
}
 POST /api/loginOrRegister 500 in 109ms
Database error: error: new row for relation "users" violates check constraint "users_name_check"
    at /home/viscon/campusguessr/node_modules/pg-pool/index.js:45:11
    at process.processTicksAndRejections (node:internal/process/task_queues:95:5)
    at async handler (webpack-internal:///(api)/./pages/api/loginOrRegister.js:37:13)
    at async K (/home/viscon/campusguessr/node_modules/next/dist/compiled/next-server/pages-api.runtime.dev.js:21:2871)
    at async U.render (/home/viscon/campusguessr/node_modules/next/dist/compiled/next-server/pages-api.runtime.dev.js:21:3955)
    at async DevServer.runApi (/home/viscon/campusguessr/node_modules/next/dist/server/next-server.js:598:9)
    at async NextNodeServer.handleCatchallRenderRequest (/home/viscon/campusguessr/node_modules/next/dist/server/next-server.js:269:37)
    at async DevServer.handleRequestImpl (/home/viscon/campusguessr/node_modules/next/dist/server/base-server.js:817:17)
    at async /home/viscon/campusguessr/node_modules/next/dist/server/dev/next-dev-server.js:339:20
    at async Span.traceAsyncFn (/home/viscon/campusguessr/node_modules/next/dist/trace/trace.js:154:20)
    at async DevServer.handleRequest (/home/viscon/campusguessr/node_modules/next/dist/server/dev/next-dev-server.js:336:24)
    at async invokeRender (/home/viscon/campusguessr/node_modules/next/dist/server/lib/router-server.js:173:21)
    at async handleRequest (/home/viscon/campusguessr/node_modules/next/dist/server/lib/router-server.js:350:24)
    at async requestHandlerImpl (/home/viscon/campusguessr/node_modules/next/dist/server/lib/router-server.js:374:13)
    at async Server.requestListener (/home/viscon/campusguessr/node_modules/next/dist/server/lib/start-server.js:141:13) {
  length: 282,
  severity: 'ERROR',
  code: '23514',
  detail: 'Failing row contains (37, fdajkl, $2b$10$I/sUNxWxPlsfXOYb0c7a/ugQWXJSYd5qo8OXQbocjr0OoCWBAbmCK, 0, 0, 0, 5, 0).',
  hint: undefined,
  position: undefined,
  internalPosition: undefined,
  internalQuery: undefined,
  where: undefined,
  schema: 'public',
  table: 'users',
  column: undefined,
  dataType: undefined,
  constraint: 'users_name_check',
  file: 'execMain.c',
  line: '2055',
  routine: 'ExecConstraints'
}
 POST /api/loginOrRegister 500 in 121ms
Database error: error: new row for relation "users" violates check constraint "users_name_check"
    at /home/viscon/campusguessr/node_modules/pg-pool/index.js:45:11
    at process.processTicksAndRejections (node:internal/process/task_queues:95:5)
    at async handler (webpack-internal:///(api)/./pages/api/loginOrRegister.js:37:13)
    at async K (/home/viscon/campusguessr/node_modules/next/dist/compiled/next-server/pages-api.runtime.dev.js:21:2871)
    at async U.render (/home/viscon/campusguessr/node_modules/next/dist/compiled/next-server/pages-api.runtime.dev.js:21:3955)
    at async DevServer.runApi (/home/viscon/campusguessr/node_modules/next/dist/server/next-server.js:598:9)
    at async NextNodeServer.handleCatchallRenderRequest (/home/viscon/campusguessr/node_modules/next/dist/server/next-server.js:269:37)
    at async DevServer.handleRequestImpl (/home/viscon/campusguessr/node_modules/next/dist/server/base-server.js:817:17)
    at async /home/viscon/campusguessr/node_modules/next/dist/server/dev/next-dev-server.js:339:20
    at async Span.traceAsyncFn (/home/viscon/campusguessr/node_modules/next/dist/trace/trace.js:154:20)
    at async DevServer.handleRequest (/home/viscon/campusguessr/node_modules/next/dist/server/dev/next-dev-server.js:336:24)
    at async invokeRender (/home/viscon/campusguessr/node_modules/next/dist/server/lib/router-server.js:173:21)
    at async handleRequest (/home/viscon/campusguessr/node_modules/next/dist/server/lib/router-server.js:350:24)
    at async requestHandlerImpl (/home/viscon/campusguessr/node_modules/next/dist/server/lib/router-server.js:374:13)
    at async Server.requestListener (/home/viscon/campusguessr/node_modules/next/dist/server/lib/start-server.js:141:13) {
  length: 282,
  severity: 'ERROR',
  code: '23514',
  detail: 'Failing row contains (38, fdajkl, $2b$10$00RAFeaefLTOI8drIgWp2eVoDI4hCD/ZjZYiNfDAXDrR2i6l./N02, 0, 0, 0, 5, 0).',
  hint: undefined,
  position: undefined,
  internalPosition: undefined,
  internalQuery: undefined,
  where: undefined,
  schema: 'public',
  table: 'users',
  column: undefined,
  dataType: undefined,
  constraint: 'users_name_check',
  file: 'execMain.c',
  line: '2055',
  routine: 'ExecConstraints'
}
 POST /api/loginOrRegister 500 in 124ms
Database error: error: new row for relation "users" violates check constraint "users_name_check"
    at /home/viscon/campusguessr/node_modules/pg-pool/index.js:45:11
    at process.processTicksAndRejections (node:internal/process/task_queues:95:5)
    at async handler (webpack-internal:///(api)/./pages/api/loginOrRegister.js:37:13)
    at async K (/home/viscon/campusguessr/node_modules/next/dist/compiled/next-server/pages-api.runtime.dev.js:21:2871)
    at async U.render (/home/viscon/campusguessr/node_modules/next/dist/compiled/next-server/pages-api.runtime.dev.js:21:3955)
    at async DevServer.runApi (/home/viscon/campusguessr/node_modules/next/dist/server/next-server.js:598:9)
    at async NextNodeServer.handleCatchallRenderRequest (/home/viscon/campusguessr/node_modules/next/dist/server/next-server.js:269:37)
    at async DevServer.handleRequestImpl (/home/viscon/campusguessr/node_modules/next/dist/server/base-server.js:817:17)
    at async /home/viscon/campusguessr/node_modules/next/dist/server/dev/next-dev-server.js:339:20
    at async Span.traceAsyncFn (/home/viscon/campusguessr/node_modules/next/dist/trace/trace.js:154:20)
    at async DevServer.handleRequest (/home/viscon/campusguessr/node_modules/next/dist/server/dev/next-dev-server.js:336:24)
    at async invokeRender (/home/viscon/campusguessr/node_modules/next/dist/server/lib/router-server.js:173:21)
    at async handleRequest (/home/viscon/campusguessr/node_modules/next/dist/server/lib/router-server.js:350:24)
    at async requestHandlerImpl (/home/viscon/campusguessr/node_modules/next/dist/server/lib/router-server.js:374:13)
    at async Server.requestListener (/home/viscon/campusguessr/node_modules/next/dist/server/lib/start-server.js:141:13) {
  length: 282,
  severity: 'ERROR',
  code: '23514',
  detail: 'Failing row contains (39, fdajkl, $2b$10$QNU0ZVN9jwg0nlv0b7mr3exl59TdXCTGgq.Fq.FzJXzcJVqfbUGEa, 0, 0, 0, 5, 0).',
  hint: undefined,
  position: undefined,
  internalPosition: undefined,
  internalQuery: undefined,
  where: undefined,
  schema: 'public',
  table: 'users',
  column: undefined,
  dataType: undefined,
  constraint: 'users_name_check',
  file: 'execMain.c',
  line: '2055',
  routine: 'ExecConstraints'
}
 POST /api/loginOrRegister 500 in 114ms
Database error: error: new row for relation "users" violates check constraint "users_name_check"
    at /home/viscon/campusguessr/node_modules/pg-pool/index.js:45:11
    at process.processTicksAndRejections (node:internal/process/task_queues:95:5)
    at async handler (webpack-internal:///(api)/./pages/api/loginOrRegister.js:37:13)
    at async K (/home/viscon/campusguessr/node_modules/next/dist/compiled/next-server/pages-api.runtime.dev.js:21:2871)
    at async U.render (/home/viscon/campusguessr/node_modules/next/dist/compiled/next-server/pages-api.runtime.dev.js:21:3955)
    at async DevServer.runApi (/home/viscon/campusguessr/node_modules/next/dist/server/next-server.js:598:9)
    at async NextNodeServer.handleCatchallRenderRequest (/home/viscon/campusguessr/node_modules/next/dist/server/next-server.js:269:37)
    at async DevServer.handleRequestImpl (/home/viscon/campusguessr/node_modules/next/dist/server/base-server.js:817:17)
    at async /home/viscon/campusguessr/node_modules/next/dist/server/dev/next-dev-server.js:339:20
    at async Span.traceAsyncFn (/home/viscon/campusguessr/node_modules/next/dist/trace/trace.js:154:20)
    at async DevServer.handleRequest (/home/viscon/campusguessr/node_modules/next/dist/server/dev/next-dev-server.js:336:24)
    at async invokeRender (/home/viscon/campusguessr/node_modules/next/dist/server/lib/router-server.js:173:21)
    at async handleRequest (/home/viscon/campusguessr/node_modules/next/dist/server/lib/router-server.js:350:24)
    at async requestHandlerImpl (/home/viscon/campusguessr/node_modules/next/dist/server/lib/router-server.js:374:13)
    at async Server.requestListener (/home/viscon/campusguessr/node_modules/next/dist/server/lib/start-server.js:141:13) {
  length: 282,
  severity: 'ERROR',
  code: '23514',
  detail: 'Failing row contains (40, fdajkl, $2b$10$oi92byklR8hqKjVZvvTo4.B/pXJCegjAtJflbJoqBqhaI8t7SOjri, 0, 0, 0, 5, 0).',
  hint: undefined,
  position: undefined,
  internalPosition: undefined,
  internalQuery: undefined,
  where: undefined,
  schema: 'public',
  table: 'users',
  column: undefined,
  dataType: undefined,
  constraint: 'users_name_check',
  file: 'execMain.c',
  line: '2055',
  routine: 'ExecConstraints'
}
 POST /api/loginOrRegister 500 in 115ms
Database error: error: new row for relation "users" violates check constraint "users_name_check"
    at /home/viscon/campusguessr/node_modules/pg-pool/index.js:45:11
    at process.processTicksAndRejections (node:internal/process/task_queues:95:5)
    at async handler (webpack-internal:///(api)/./pages/api/loginOrRegister.js:37:13)
    at async K (/home/viscon/campusguessr/node_modules/next/dist/compiled/next-server/pages-api.runtime.dev.js:21:2871)
    at async U.render (/home/viscon/campusguessr/node_modules/next/dist/compiled/next-server/pages-api.runtime.dev.js:21:3955)
    at async DevServer.runApi (/home/viscon/campusguessr/node_modules/next/dist/server/next-server.js:598:9)
    at async NextNodeServer.handleCatchallRenderRequest (/home/viscon/campusguessr/node_modules/next/dist/server/next-server.js:269:37)
    at async DevServer.handleRequestImpl (/home/viscon/campusguessr/node_modules/next/dist/server/base-server.js:817:17)
    at async /home/viscon/campusguessr/node_modules/next/dist/server/dev/next-dev-server.js:339:20
    at async Span.traceAsyncFn (/home/viscon/campusguessr/node_modules/next/dist/trace/trace.js:154:20)
    at async DevServer.handleRequest (/home/viscon/campusguessr/node_modules/next/dist/server/dev/next-dev-server.js:336:24)
    at async invokeRender (/home/viscon/campusguessr/node_modules/next/dist/server/lib/router-server.js:173:21)
    at async handleRequest (/home/viscon/campusguessr/node_modules/next/dist/server/lib/router-server.js:350:24)
    at async requestHandlerImpl (/home/viscon/campusguessr/node_modules/next/dist/server/lib/router-server.js:374:13)
    at async Server.requestListener (/home/viscon/campusguessr/node_modules/next/dist/server/lib/start-server.js:141:13) {
  length: 282,
  severity: 'ERROR',
  code: '23514',
  detail: 'Failing row contains (41, fdajkl, $2b$10$KRyApvxwXaPAJKqRi3yK/OuwkB7eFhGcfZ0rixjqLiCSiWkovlIca, 0, 0, 0, 5, 0).',
  hint: undefined,
  position: undefined,
  internalPosition: undefined,
  internalQuery: undefined,
  where: undefined,
  schema: 'public',
  table: 'users',
  column: undefined,
  dataType: undefined,
  constraint: 'users_name_check',
  file: 'execMain.c',
  line: '2055',
  routine: 'ExecConstraints'
}
 POST /api/loginOrRegister 500 in 133ms
Database error: error: new row for relation "users" violates check constraint "users_name_check"
    at /home/viscon/campusguessr/node_modules/pg-pool/index.js:45:11
    at process.processTicksAndRejections (node:internal/process/task_queues:95:5)
    at async handler (webpack-internal:///(api)/./pages/api/loginOrRegister.js:37:13)
    at async K (/home/viscon/campusguessr/node_modules/next/dist/compiled/next-server/pages-api.runtime.dev.js:21:2871)
    at async U.render (/home/viscon/campusguessr/node_modules/next/dist/compiled/next-server/pages-api.runtime.dev.js:21:3955)
    at async DevServer.runApi (/home/viscon/campusguessr/node_modules/next/dist/server/next-server.js:598:9)
    at async NextNodeServer.handleCatchallRenderRequest (/home/viscon/campusguessr/node_modules/next/dist/server/next-server.js:269:37)
    at async DevServer.handleRequestImpl (/home/viscon/campusguessr/node_modules/next/dist/server/base-server.js:817:17)
    at async /home/viscon/campusguessr/node_modules/next/dist/server/dev/next-dev-server.js:339:20
    at async Span.traceAsyncFn (/home/viscon/campusguessr/node_modules/next/dist/trace/trace.js:154:20)
    at async DevServer.handleRequest (/home/viscon/campusguessr/node_modules/next/dist/server/dev/next-dev-server.js:336:24)
    at async invokeRender (/home/viscon/campusguessr/node_modules/next/dist/server/lib/router-server.js:173:21)
    at async handleRequest (/home/viscon/campusguessr/node_modules/next/dist/server/lib/router-server.js:350:24)
    at async requestHandlerImpl (/home/viscon/campusguessr/node_modules/next/dist/server/lib/router-server.js:374:13)
    at async Server.requestListener (/home/viscon/campusguessr/node_modules/next/dist/server/lib/start-server.js:141:13) {
  length: 282,
  severity: 'ERROR',
  code: '23514',
  detail: 'Failing row contains (42, fdajkl, $2b$10$ZUnET4w8/9kiYfbakzeDTub9HGjgEe9SRxd0a5OF5kgjQclNNfygu, 0, 0, 0, 5, 0).',
  hint: undefined,
  position: undefined,
  internalPosition: undefined,
  internalQuery: undefined,
  where: undefined,
  schema: 'public',
  table: 'users',
  column: undefined,
  dataType: undefined,
  constraint: 'users_name_check',
  file: 'execMain.c',
  line: '2055',
  routine: 'ExecConstraints'
}
 POST /api/loginOrRegister 500 in 114ms
Database error: error: new row for relation "users" violates check constraint "users_name_check"
    at /home/viscon/campusguessr/node_modules/pg-pool/index.js:45:11
    at process.processTicksAndRejections (node:internal/process/task_queues:95:5)
    at async handler (webpack-internal:///(api)/./pages/api/loginOrRegister.js:37:13)
    at async K (/home/viscon/campusguessr/node_modules/next/dist/compiled/next-server/pages-api.runtime.dev.js:21:2871)
    at async U.render (/home/viscon/campusguessr/node_modules/next/dist/compiled/next-server/pages-api.runtime.dev.js:21:3955)
    at async DevServer.runApi (/home/viscon/campusguessr/node_modules/next/dist/server/next-server.js:598:9)
    at async NextNodeServer.handleCatchallRenderRequest (/home/viscon/campusguessr/node_modules/next/dist/server/next-server.js:269:37)
    at async DevServer.handleRequestImpl (/home/viscon/campusguessr/node_modules/next/dist/server/base-server.js:817:17)
    at async /home/viscon/campusguessr/node_modules/next/dist/server/dev/next-dev-server.js:339:20
    at async Span.traceAsyncFn (/home/viscon/campusguessr/node_modules/next/dist/trace/trace.js:154:20)
    at async DevServer.handleRequest (/home/viscon/campusguessr/node_modules/next/dist/server/dev/next-dev-server.js:336:24)
    at async invokeRender (/home/viscon/campusguessr/node_modules/next/dist/server/lib/router-server.js:173:21)
    at async handleRequest (/home/viscon/campusguessr/node_modules/next/dist/server/lib/router-server.js:350:24)
    at async requestHandlerImpl (/home/viscon/campusguessr/node_modules/next/dist/server/lib/router-server.js:374:13)
    at async Server.requestListener (/home/viscon/campusguessr/node_modules/next/dist/server/lib/start-server.js:141:13) {
  length: 282,
  severity: 'ERROR',
  code: '23514',
  detail: 'Failing row contains (43, fdajkl, $2b$10$BDVkMlZeQ1UEuc1hPHsncOEtj2tghE.VUNnXOLmygLiRjCftQHiv6, 0, 0, 0, 5, 0).',
  hint: undefined,
  position: undefined,
  internalPosition: undefined,
  internalQuery: undefined,
  where: undefined,
  schema: 'public',
  table: 'users',
  column: undefined,
  dataType: undefined,
  constraint: 'users_name_check',
  file: 'execMain.c',
  line: '2055',
  routine: 'ExecConstraints'
}
 POST /api/loginOrRegister 500 in 127ms
Database error: error: new row for relation "users" violates check constraint "users_name_check"
    at /home/viscon/campusguessr/node_modules/pg-pool/index.js:45:11
    at process.processTicksAndRejections (node:internal/process/task_queues:95:5)
    at async handler (webpack-internal:///(api)/./pages/api/loginOrRegister.js:37:13)
    at async K (/home/viscon/campusguessr/node_modules/next/dist/compiled/next-server/pages-api.runtime.dev.js:21:2871)
    at async U.render (/home/viscon/campusguessr/node_modules/next/dist/compiled/next-server/pages-api.runtime.dev.js:21:3955)
    at async DevServer.runApi (/home/viscon/campusguessr/node_modules/next/dist/server/next-server.js:598:9)
    at async NextNodeServer.handleCatchallRenderRequest (/home/viscon/campusguessr/node_modules/next/dist/server/next-server.js:269:37)
    at async DevServer.handleRequestImpl (/home/viscon/campusguessr/node_modules/next/dist/server/base-server.js:817:17)
    at async /home/viscon/campusguessr/node_modules/next/dist/server/dev/next-dev-server.js:339:20
    at async Span.traceAsyncFn (/home/viscon/campusguessr/node_modules/next/dist/trace/trace.js:154:20)
    at async DevServer.handleRequest (/home/viscon/campusguessr/node_modules/next/dist/server/dev/next-dev-server.js:336:24)
    at async invokeRender (/home/viscon/campusguessr/node_modules/next/dist/server/lib/router-server.js:173:21)
    at async handleRequest (/home/viscon/campusguessr/node_modules/next/dist/server/lib/router-server.js:350:24)
    at async requestHandlerImpl (/home/viscon/campusguessr/node_modules/next/dist/server/lib/router-server.js:374:13)
    at async Server.requestListener (/home/viscon/campusguessr/node_modules/next/dist/server/lib/start-server.js:141:13) {
  length: 282,
  severity: 'ERROR',
  code: '23514',
  detail: 'Failing row contains (44, fdajkl, $2b$10$DdIfwBcxh.2qu2tB3xMSDutkFxMN9R0GjBrEGiqrUKHImqR1USgdG, 0, 0, 0, 5, 0).',
  hint: undefined,
  position: undefined,
  internalPosition: undefined,
  internalQuery: undefined,
  where: undefined,
  schema: 'public',
  table: 'users',
  column: undefined,
  dataType: undefined,
  constraint: 'users_name_check',
  file: 'execMain.c',
  line: '2055',
  routine: 'ExecConstraints'
}
 POST /api/loginOrRegister 500 in 141ms
 GET / 200 in 27ms
 POST /api/loginOrRegister 200 in 169ms
 GET /api/getBuildings 200 in 4ms
 GET /api/getFloors?building=HG 200 in 8ms
 POST /api/startRound 200 in 64ms
 GET / 200 in 18ms
 POST /api/loginOrRegister 200 in 107ms
 GET /api/getBuildings 200 in 5ms
 GET /api/getFloors?building=HG 200 in 5ms
 POST /api/startRound 200 in 28ms
 POST /api/submitGuess 200 in 47ms
 GET /api/getUsers 200 in 10ms
 POST /api/gambling 200 in 38ms
 POST /api/startRound 200 in 12ms
 POST /api/submitGuess 200 in 11ms
 GET /api/getBuildings 304 in 6ms
 GET /api/getFloors?building=HG 304 in 6ms
 POST /api/startRound 200 in 10ms
 POST /api/submitGuess 200 in 12ms
 GET /api/getBuildings 304 in 5ms
 GET /api/getFloors?building=HG 304 in 4ms
 POST /api/startRound 200 in 9ms
 POST /api/submitGuess 200 in 13ms
 GET /api/getUsers 200 in 11ms
 GET /api/getBuildings 304 in 3ms
 GET /api/getFloors?building=HG 304 in 5ms
 POST /api/startRound 200 in 7ms
 POST /api/submitGuess 200 in 32ms
 GET /api/getUsers 200 in 11ms
 GET /api/getBuildings 304 in 3ms
 GET /api/getFloors?building=HG 304 in 5ms
 POST /api/startRound 200 in 10ms
 POST /api/submitGuess 200 in 13ms
 GET /api/getBuildings 304 in 5ms
 GET /api/getFloors?building=HG 304 in 5ms
 POST /api/startRound 200 in 10ms
 POST /api/submitGuess 200 in 12ms
 GET / 200 in 30ms
 POST /api/loginOrRegister 200 in 125ms
 GET /api/getBuildings 304 in 4ms
 GET /api/getFloors?building=HG 304 in 6ms
 POST /api/startRound 200 in 40ms
 POST /api/submitGuess 200 in 17ms
 GET /api/getUsers 200 in 9ms
 POST /api/loginOrRegister 200 in 144ms
 GET /api/getBuildings 304 in 4ms
 GET /api/getFloors?building=HG 304 in 5ms
 GET /game?building=HG 200 in 40ms
 GET /api/getBuildings 304 in 19ms
 GET /api/getFloors?building=HG 304 in 5ms
 POST /api/startRound 200 in 64ms
 POST /api/submitGuess 200 in 17ms
 GET /api/getBuildings 304 in 4ms
 GET /api/getFloors?building=HG 304 in 5ms
 POST /api/startRound 200 in 45ms
 POST /api/submitGuess 200 in 45ms
 GET / 200 in 29ms
 ○ Compiling /404 ...
 ✓ Compiled /404 in 940ms (412 modules)
 GET /about 404 in 992ms
 GET /about 404 in 25ms
 GET /about 404 in 17ms
 GET / 200 in 36ms
 GET / 200 in 25ms
 GET / 200 in 22ms
 GET / 200 in 21ms
 ✓ Compiled /api/loginOrRegister in 104ms (123 modules)
Database error: error: new row for relation "users" violates check constraint "users_name_check"
    at /home/viscon/campusguessr/node_modules/pg-pool/index.js:45:11
    at process.processTicksAndRejections (node:internal/process/task_queues:95:5)
    at async handler (webpack-internal:///(api)/./pages/api/loginOrRegister.js:37:13)
    at async K (/home/viscon/campusguessr/node_modules/next/dist/compiled/next-server/pages-api.runtime.dev.js:21:2871)
    at async U.render (/home/viscon/campusguessr/node_modules/next/dist/compiled/next-server/pages-api.runtime.dev.js:21:3955)
    at async DevServer.runApi (/home/viscon/campusguessr/node_modules/next/dist/server/next-server.js:598:9)
    at async NextNodeServer.handleCatchallRenderRequest (/home/viscon/campusguessr/node_modules/next/dist/server/next-server.js:269:37)
    at async DevServer.handleRequestImpl (/home/viscon/campusguessr/node_modules/next/dist/server/base-server.js:817:17)
    at async /home/viscon/campusguessr/node_modules/next/dist/server/dev/next-dev-server.js:339:20
    at async Span.traceAsyncFn (/home/viscon/campusguessr/node_modules/next/dist/trace/trace.js:154:20)
    at async DevServer.handleRequest (/home/viscon/campusguessr/node_modules/next/dist/server/dev/next-dev-server.js:336:24)
    at async invokeRender (/home/viscon/campusguessr/node_modules/next/dist/server/lib/router-server.js:173:21)
    at async handleRequest (/home/viscon/campusguessr/node_modules/next/dist/server/lib/router-server.js:350:24)
    at async requestHandlerImpl (/home/viscon/campusguessr/node_modules/next/dist/server/lib/router-server.js:374:13)
    at async Server.requestListener (/home/viscon/campusguessr/node_modules/next/dist/server/lib/start-server.js:141:13) {
  length: 282,
  severity: 'ERROR',
  code: '23514',
  detail: 'Failing row contains (47, jfkdla, $2b$10$gB33QwLO9QkFnEMmexyVuuIKBsFpaZQgxFLR3VcLz1FuArmjpo3cG, 0, 0, 0, 5, 0).',
  hint: undefined,
  position: undefined,
  internalPosition: undefined,
  internalQuery: undefined,
  where: undefined,
  schema: 'public',
  table: 'users',
  column: undefined,
  dataType: undefined,
  constraint: 'users_name_check',
  file: 'execMain.c',
  line: '2055',
  routine: 'ExecConstraints'
}
 POST /api/loginOrRegister 500 in 228ms
Database error: error: new row for relation "users" violates check constraint "users_name_check"
    at /home/viscon/campusguessr/node_modules/pg-pool/index.js:45:11
    at process.processTicksAndRejections (node:internal/process/task_queues:95:5)
    at async handler (webpack-internal:///(api)/./pages/api/loginOrRegister.js:37:13)
    at async K (/home/viscon/campusguessr/node_modules/next/dist/compiled/next-server/pages-api.runtime.dev.js:21:2871)
    at async U.render (/home/viscon/campusguessr/node_modules/next/dist/compiled/next-server/pages-api.runtime.dev.js:21:3955)
    at async DevServer.runApi (/home/viscon/campusguessr/node_modules/next/dist/server/next-server.js:598:9)
    at async NextNodeServer.handleCatchallRenderRequest (/home/viscon/campusguessr/node_modules/next/dist/server/next-server.js:269:37)
    at async DevServer.handleRequestImpl (/home/viscon/campusguessr/node_modules/next/dist/server/base-server.js:817:17)
    at async /home/viscon/campusguessr/node_modules/next/dist/server/dev/next-dev-server.js:339:20
    at async Span.traceAsyncFn (/home/viscon/campusguessr/node_modules/next/dist/trace/trace.js:154:20)
    at async DevServer.handleRequest (/home/viscon/campusguessr/node_modules/next/dist/server/dev/next-dev-server.js:336:24)
    at async invokeRender (/home/viscon/campusguessr/node_modules/next/dist/server/lib/router-server.js:173:21)
    at async handleRequest (/home/viscon/campusguessr/node_modules/next/dist/server/lib/router-server.js:350:24)
    at async requestHandlerImpl (/home/viscon/campusguessr/node_modules/next/dist/server/lib/router-server.js:374:13)
    at async Server.requestListener (/home/viscon/campusguessr/node_modules/next/dist/server/lib/start-server.js:141:13) {
  length: 282,
  severity: 'ERROR',
  code: '23514',
  detail: 'Failing row contains (48, jfkdla, $2b$10$jvtARgKrjpA71Ey303rgMeBHlsMJW62N3KXHdGtBFZfNwfPWZCC.., 0, 0, 0, 5, 0).',
  hint: undefined,
  position: undefined,
  internalPosition: undefined,
  internalQuery: undefined,
  where: undefined,
  schema: 'public',
  table: 'users',
  column: undefined,
  dataType: undefined,
  constraint: 'users_name_check',
  file: 'execMain.c',
  line: '2055',
  routine: 'ExecConstraints'
}
 POST /api/loginOrRegister 500 in 106ms
Database error: error: new row for relation "users" violates check constraint "users_name_check"
    at /home/viscon/campusguessr/node_modules/pg-pool/index.js:45:11
    at process.processTicksAndRejections (node:internal/process/task_queues:95:5)
    at async handler (webpack-internal:///(api)/./pages/api/loginOrRegister.js:37:13)
    at async K (/home/viscon/campusguessr/node_modules/next/dist/compiled/next-server/pages-api.runtime.dev.js:21:2871)
    at async U.render (/home/viscon/campusguessr/node_modules/next/dist/compiled/next-server/pages-api.runtime.dev.js:21:3955)
    at async DevServer.runApi (/home/viscon/campusguessr/node_modules/next/dist/server/next-server.js:598:9)
    at async NextNodeServer.handleCatchallRenderRequest (/home/viscon/campusguessr/node_modules/next/dist/server/next-server.js:269:37)
    at async DevServer.handleRequestImpl (/home/viscon/campusguessr/node_modules/next/dist/server/base-server.js:817:17)
    at async /home/viscon/campusguessr/node_modules/next/dist/server/dev/next-dev-server.js:339:20
    at async Span.traceAsyncFn (/home/viscon/campusguessr/node_modules/next/dist/trace/trace.js:154:20)
    at async DevServer.handleRequest (/home/viscon/campusguessr/node_modules/next/dist/server/dev/next-dev-server.js:336:24)
    at async invokeRender (/home/viscon/campusguessr/node_modules/next/dist/server/lib/router-server.js:173:21)
    at async handleRequest (/home/viscon/campusguessr/node_modules/next/dist/server/lib/router-server.js:350:24)
    at async requestHandlerImpl (/home/viscon/campusguessr/node_modules/next/dist/server/lib/router-server.js:374:13)
    at async Server.requestListener (/home/viscon/campusguessr/node_modules/next/dist/server/lib/start-server.js:141:13) {
  length: 282,
  severity: 'ERROR',
  code: '23514',
  detail: 'Failing row contains (49, jfkdla, $2b$10$9dO3IRgi9pOjyXHSkUTYkOqcm/USMUZ63qvsKiMRNKc5hHmFW4zWS, 0, 0, 0, 5, 0).',
  hint: undefined,
  position: undefined,
  internalPosition: undefined,
  internalQuery: undefined,
  where: undefined,
  schema: 'public',
  table: 'users',
  column: undefined,
  dataType: undefined,
  constraint: 'users_name_check',
  file: 'execMain.c',
  line: '2055',
  routine: 'ExecConstraints'
}
 POST /api/loginOrRegister 500 in 110ms
 GET / 200 in 61ms
 GET / 200 in 23ms
 GET / 200 in 28ms
 GET / 200 in 17ms
 GET /home 404 in 15ms
 POST /api/loginOrRegister 200 in 138ms
 ✓ Compiled /select in 462ms (418 modules)
 GET /home 404 in 180ms
 ✓ Compiled /api/getBuildings in 360ms (420 modules)
 GET /api/getBuildings 200 in 375ms
 GET / 200 in 37ms
 GET /api/getBuildings 304 in 4ms
 GET /api/getBuildings 304 in 4ms
 ✓ Compiled /api/getFloors in 175ms (174 modules)
 GET /api/getFloors?building=HG 200 in 186ms
 GET /api/getFloors?building=ALL 304 in 13ms
 ✓ Compiled /game in 163ms (444 modules)
 POST /api/loginOrRegister 200 in 121ms
 ✓ Compiled /api/startRound in 90ms (176 modules)
 POST /api/startRound 200 in 129ms
 GET / 200 in 41ms
 POST /api/startRound 200 in 12ms
 GET / 200 in 20ms
 POST /api/loginOrRegister 200 in 103ms
 GET /api/getBuildings 200 in 9ms
 GET / 200 in 23ms
 GET /api/getBuildings 200 in 9ms
 GET /api/getBuildings 304 in 3ms
 GET /api/getFloors?building=HG 200 in 6ms
 POST /api/loginOrRegister 200 in 97ms
Database error: error: new row for relation "users" violates check constraint "users_name_check"
    at /home/viscon/campusguessr/node_modules/pg-pool/index.js:45:11
    at process.processTicksAndRejections (node:internal/process/task_queues:95:5)
    at async handler (webpack-internal:///(api)/./pages/api/loginOrRegister.js:37:13)
    at async K (/home/viscon/campusguessr/node_modules/next/dist/compiled/next-server/pages-api.runtime.dev.js:21:2871)
    at async U.render (/home/viscon/campusguessr/node_modules/next/dist/compiled/next-server/pages-api.runtime.dev.js:21:3955)
    at async DevServer.runApi (/home/viscon/campusguessr/node_modules/next/dist/server/next-server.js:598:9)
    at async NextNodeServer.handleCatchallRenderRequest (/home/viscon/campusguessr/node_modules/next/dist/server/next-server.js:269:37)
    at async DevServer.handleRequestImpl (/home/viscon/campusguessr/node_modules/next/dist/server/base-server.js:817:17)
    at async /home/viscon/campusguessr/node_modules/next/dist/server/dev/next-dev-server.js:339:20
    at async Span.traceAsyncFn (/home/viscon/campusguessr/node_modules/next/dist/trace/trace.js:154:20)
    at async DevServer.handleRequest (/home/viscon/campusguessr/node_modules/next/dist/server/dev/next-dev-server.js:336:24)
    at async invokeRender (/home/viscon/campusguessr/node_modules/next/dist/server/lib/router-server.js:173:21)
    at async handleRequest (/home/viscon/campusguessr/node_modules/next/dist/server/lib/router-server.js:350:24)
    at async requestHandlerImpl (/home/viscon/campusguessr/node_modules/next/dist/server/lib/router-server.js:374:13)
    at async Server.requestListener (/home/viscon/campusguessr/node_modules/next/dist/server/lib/start-server.js:141:13) {
  length: 280,
  severity: 'ERROR',
  code: '23514',
  detail: 'Failing row contains (54, user, $2b$10$boUZmSHJYdyF53j7A5gmPef8.yZK2rIs9kZrZrp1GpkJOKuGMsI5m, 0, 0, 0, 5, 0).',
  hint: undefined,
  position: undefined,
  internalPosition: undefined,
  internalQuery: undefined,
  where: undefined,
  schema: 'public',
  table: 'users',
  column: undefined,
  dataType: undefined,
  constraint: 'users_name_check',
  file: 'execMain.c',
  line: '2055',
  routine: 'ExecConstraints'
}
 POST /api/loginOrRegister 500 in 88ms
 GET /api/getFloors?building=HG 200 in 8ms
 POST /api/loginOrRegister 200 in 135ms
 GET /api/getBuildings 200 in 5ms
 GET /api/getBuildings 304 in 5ms
 GET / 200 in 38ms
 POST /api/startRound 200 in 25ms
 POST /api/startRound 200 in 11ms
 GET / 200 in 65ms
 GET /api/getBuildings 304 in 5ms
 GET /api/getFloors?building=HG 200 in 6ms
 GET /api/getFloors?building=HG 304 in 6ms
 GET / 200 in 21ms
 POST /api/startRound 200 in 45ms
 POST /api/loginOrRegister 401 in 93ms
 POST /api/loginOrRegister 401 in 86ms
 ✓ Compiled /api/submitGuess in 257ms (178 modules)
 POST /api/submitGuess 200 in 404ms
 POST /api/loginOrRegister 401 in 270ms
 POST /api/startRound 200 in 13ms
 POST /api/loginOrRegister 200 in 99ms
 POST /api/submitGuess 200 in 13ms
 POST /api/submitGuess 200 in 23ms
 POST /api/submitGuess 200 in 20ms
 GET /api/getBuildings 304 in 10ms
 POST /api/submitGuess 200 in 12ms
 GET /api/getFloors?building=ALL 304 in 8ms
 ○ Compiling /leaderboard ...
 ✓ Compiled /leaderboard in 989ms (451 modules)
 POST /api/startRound 200 in 188ms
 ✓ Compiled /api/getUsers in 104ms (181 modules)
 GET /api/getUsers 200 in 138ms
 GET /api/getUsers 200 in 9ms
 ✓ Compiled /api/gambling in 89ms (183 modules)
 POST /api/gambling 200 in 124ms
 POST /api/gambling 200 in 8ms
 GET /api/getUsers 200 in 8ms
 POST /api/gambling 200 in 7ms
 GET /api/getBuildings 304 in 6ms
 GET /api/getBuildings 304 in 5ms
Database error: error: new row for relation "users" violates check constraint "users_name_check"
    at /home/viscon/campusguessr/node_modules/pg-pool/index.js:45:11
    at process.processTicksAndRejections (node:internal/process/task_queues:95:5)
    at async handler (webpack-internal:///(api)/./pages/api/loginOrRegister.js:37:13)
    at async K (/home/viscon/campusguessr/node_modules/next/dist/compiled/next-server/pages-api.runtime.dev.js:21:2871)
    at async U.render (/home/viscon/campusguessr/node_modules/next/dist/compiled/next-server/pages-api.runtime.dev.js:21:3955)
    at async DevServer.runApi (/home/viscon/campusguessr/node_modules/next/dist/server/next-server.js:598:9)
    at async NextNodeServer.handleCatchallRenderRequest (/home/viscon/campusguessr/node_modules/next/dist/server/next-server.js:269:37)
    at async DevServer.handleRequestImpl (/home/viscon/campusguessr/node_modules/next/dist/server/base-server.js:817:17)
    at async /home/viscon/campusguessr/node_modules/next/dist/server/dev/next-dev-server.js:339:20
    at async Span.traceAsyncFn (/home/viscon/campusguessr/node_modules/next/dist/trace/trace.js:154:20)
    at async DevServer.handleRequest (/home/viscon/campusguessr/node_modules/next/dist/server/dev/next-dev-server.js:336:24)
    at async invokeRender (/home/viscon/campusguessr/node_modules/next/dist/server/lib/router-server.js:173:21)
    at async handleRequest (/home/viscon/campusguessr/node_modules/next/dist/server/lib/router-server.js:350:24)
    at async requestHandlerImpl (/home/viscon/campusguessr/node_modules/next/dist/server/lib/router-server.js:374:13)
    at async Server.requestListener (/home/viscon/campusguessr/node_modules/next/dist/server/lib/start-server.js:141:13) {
  length: 283,
  severity: 'ERROR',
  code: '23514',
  detail: 'Failing row contains (57, asdfasd, $2b$10$v84/gEcQqQS74NCgc87fielq2YKB2zGWwFSCV17gAzpuDWpoqabvK, 0, 0, 0, 5, 0).',
  hint: undefined,
  position: undefined,
  internalPosition: undefined,
  internalQuery: undefined,
  where: undefined,
  schema: 'public',
  table: 'users',
  column: undefined,
  dataType: undefined,
  constraint: 'users_name_check',
  file: 'execMain.c',
  line: '2055',
  routine: 'ExecConstraints'
}
 POST /api/loginOrRegister 500 in 99ms
 POST /api/gambling 200 in 32ms
 GET /api/getFloors?building=ALL 200 in 8ms
 GET /api/getFloors?building=HG 304 in 4ms
 POST /api/gambling 200 in 9ms
 POST /api/gambling 200 in 9ms
 POST /api/gambling 200 in 8ms
 POST /api/startRound 200 in 15ms
 POST /api/startRound 200 in 10ms
 GET / 200 in 62ms
 GET /leaderboard 200 in 22ms
 GET /api/getUsers 200 in 8ms
 POST /api/gambling 200 in 7ms
 GET /api/getBuildings 304 in 5ms
 GET /api/getFloors?building=HG 304 in 5ms
 POST /api/submitGuess 200 in 52ms
 GET /api/getBuildings 200 in 6ms
 GET /api/getFloors?building=HG 200 in 7ms
 POST /api/startRound 200 in 39ms
 GET /game?building=HG&floor=DO 200 in 41ms
 POST /api/startRound 200 in 48ms
 GET /api/getUsers 200 in 10ms
 GET / 200 in 33ms
 POST /api/submitGuess 200 in 15ms
 GET /api/getBuildings 304 in 8ms
 GET /api/getFloors?building=ALL 304 in 5ms
 POST /api/startRound 200 in 11ms
 POST /api/startRound 200 in 10ms
 POST /api/gambling 200 in 14ms
 POST /api/gambling 200 in 9ms
 POST /api/gambling 200 in 7ms
 POST /api/gambling 200 in 8ms
 POST /api/gambling 200 in 7ms
 POST /api/gambling 200 in 6ms
 POST /api/gambling 200 in 11ms
 POST /api/gambling 200 in 7ms
 POST /api/gambling 200 in 6ms
 POST /api/gambling 200 in 8ms
 POST /api/gambling 200 in 7ms
 POST /api/gambling 200 in 6ms
 POST /api/gambling 200 in 5ms
 POST /api/submitGuess 200 in 8ms
Database error: error: new row for relation "users" violates check constraint "users_name_check"
    at /home/viscon/campusguessr/node_modules/pg-pool/index.js:45:11
    at process.processTicksAndRejections (node:internal/process/task_queues:95:5)
    at async handler (webpack-internal:///(api)/./pages/api/loginOrRegister.js:37:13)
    at async K (/home/viscon/campusguessr/node_modules/next/dist/compiled/next-server/pages-api.runtime.dev.js:21:2871)
    at async U.render (/home/viscon/campusguessr/node_modules/next/dist/compiled/next-server/pages-api.runtime.dev.js:21:3955)
    at async DevServer.runApi (/home/viscon/campusguessr/node_modules/next/dist/server/next-server.js:598:9)
    at async NextNodeServer.handleCatchallRenderRequest (/home/viscon/campusguessr/node_modules/next/dist/server/next-server.js:269:37)
    at async DevServer.handleRequestImpl (/home/viscon/campusguessr/node_modules/next/dist/server/base-server.js:817:17)
    at async /home/viscon/campusguessr/node_modules/next/dist/server/dev/next-dev-server.js:339:20
    at async Span.traceAsyncFn (/home/viscon/campusguessr/node_modules/next/dist/trace/trace.js:154:20)
    at async DevServer.handleRequest (/home/viscon/campusguessr/node_modules/next/dist/server/dev/next-dev-server.js:336:24)
    at async invokeRender (/home/viscon/campusguessr/node_modules/next/dist/server/lib/router-server.js:173:21)
    at async handleRequest (/home/viscon/campusguessr/node_modules/next/dist/server/lib/router-server.js:350:24)
    at async requestHandlerImpl (/home/viscon/campusguessr/node_modules/next/dist/server/lib/router-server.js:374:13)
    at async Server.requestListener (/home/viscon/campusguessr/node_modules/next/dist/server/lib/start-server.js:141:13) {
  length: 282,
  severity: 'ERROR',
  code: '23514',
  detail: 'Failing row contains (58, sdfsaf, $2b$10$lIzkProtMQmkeDyQd2qLhu1uyVhd7mDyPoS1QkQQ4bxktohHQ2bJi, 0, 0, 0, 5, 0).',
  hint: undefined,
  position: undefined,
  internalPosition: undefined,
  internalQuery: undefined,
  where: undefined,
  schema: 'public',
  table: 'users',
  column: undefined,
  dataType: undefined,
  constraint: 'users_name_check',
  file: 'execMain.c',
  line: '2055',
  routine: 'ExecConstraints'
}
 POST /api/loginOrRegister 500 in 83ms
Database error: error: new row for relation "users" violates check constraint "users_name_check"
    at /home/viscon/campusguessr/node_modules/pg-pool/index.js:45:11
    at process.processTicksAndRejections (node:internal/process/task_queues:95:5)
    at async handler (webpack-internal:///(api)/./pages/api/loginOrRegister.js:37:13)
    at async K (/home/viscon/campusguessr/node_modules/next/dist/compiled/next-server/pages-api.runtime.dev.js:21:2871)
    at async U.render (/home/viscon/campusguessr/node_modules/next/dist/compiled/next-server/pages-api.runtime.dev.js:21:3955)
    at async DevServer.runApi (/home/viscon/campusguessr/node_modules/next/dist/server/next-server.js:598:9)
    at async NextNodeServer.handleCatchallRenderRequest (/home/viscon/campusguessr/node_modules/next/dist/server/next-server.js:269:37)
    at async DevServer.handleRequestImpl (/home/viscon/campusguessr/node_modules/next/dist/server/base-server.js:817:17)
    at async /home/viscon/campusguessr/node_modules/next/dist/server/dev/next-dev-server.js:339:20
    at async Span.traceAsyncFn (/home/viscon/campusguessr/node_modules/next/dist/trace/trace.js:154:20)
    at async DevServer.handleRequest (/home/viscon/campusguessr/node_modules/next/dist/server/dev/next-dev-server.js:336:24)
    at async invokeRender (/home/viscon/campusguessr/node_modules/next/dist/server/lib/router-server.js:173:21)
    at async handleRequest (/home/viscon/campusguessr/node_modules/next/dist/server/lib/router-server.js:350:24)
    at async requestHandlerImpl (/home/viscon/campusguessr/node_modules/next/dist/server/lib/router-server.js:374:13)
    at async Server.requestListener (/home/viscon/campusguessr/node_modules/next/dist/server/lib/start-server.js:141:13) {
  length: 281,
  severity: 'ERROR',
  code: '23514',
  detail: 'Failing row contains (59, andri, $2b$10$ZSgk8GHDuUWkpGlKLLL68OWNTfL95CAd4rEQxU1dvJx9QxpU7hATq, 0, 0, 0, 5, 0).',
  hint: undefined,
  position: undefined,
  internalPosition: undefined,
  internalQuery: undefined,
  where: undefined,
  schema: 'public',
  table: 'users',
  column: undefined,
  dataType: undefined,
  constraint: 'users_name_check',
  file: 'execMain.c',
  line: '2055',
  routine: 'ExecConstraints'
}
 POST /api/loginOrRegister 500 in 119ms
Database error: error: new row for relation "users" violates check constraint "users_name_check"
    at /home/viscon/campusguessr/node_modules/pg-pool/index.js:45:11
    at process.processTicksAndRejections (node:internal/process/task_queues:95:5)
    at async handler (webpack-internal:///(api)/./pages/api/loginOrRegister.js:37:13)
    at async K (/home/viscon/campusguessr/node_modules/next/dist/compiled/next-server/pages-api.runtime.dev.js:21:2871)
    at async U.render (/home/viscon/campusguessr/node_modules/next/dist/compiled/next-server/pages-api.runtime.dev.js:21:3955)
    at async DevServer.runApi (/home/viscon/campusguessr/node_modules/next/dist/server/next-server.js:598:9)
    at async NextNodeServer.handleCatchallRenderRequest (/home/viscon/campusguessr/node_modules/next/dist/server/next-server.js:269:37)
    at async DevServer.handleRequestImpl (/home/viscon/campusguessr/node_modules/next/dist/server/base-server.js:817:17)
    at async /home/viscon/campusguessr/node_modules/next/dist/server/dev/next-dev-server.js:339:20
    at async Span.traceAsyncFn (/home/viscon/campusguessr/node_modules/next/dist/trace/trace.js:154:20)
    at async DevServer.handleRequest (/home/viscon/campusguessr/node_modules/next/dist/server/dev/next-dev-server.js:336:24)
    at async invokeRender (/home/viscon/campusguessr/node_modules/next/dist/server/lib/router-server.js:173:21)
    at async handleRequest (/home/viscon/campusguessr/node_modules/next/dist/server/lib/router-server.js:350:24)
    at async requestHandlerImpl (/home/viscon/campusguessr/node_modules/next/dist/server/lib/router-server.js:374:13)
    at async Server.requestListener (/home/viscon/campusguessr/node_modules/next/dist/server/lib/start-server.js:141:13) {
  length: 282,
  severity: 'ERROR',
  code: '23514',
  detail: 'Failing row contains (60, sdfsaf, $2b$10$j4KmlacD4lHlEjr0HZFOX.0D0a.rGAlHoa5ScK.t5gzV3roh1ari6, 0, 0, 0, 5, 0).',
  hint: undefined,
  position: undefined,
  internalPosition: undefined,
  internalQuery: undefined,
  where: undefined,
  schema: 'public',
  table: 'users',
  column: undefined,
  dataType: undefined,
  constraint: 'users_name_check',
  file: 'execMain.c',
  line: '2055',
  routine: 'ExecConstraints'
}
 POST /api/loginOrRegister 500 in 133ms
Database error: error: new row for relation "users" violates check constraint "users_name_check"
    at /home/viscon/campusguessr/node_modules/pg-pool/index.js:45:11
    at process.processTicksAndRejections (node:internal/process/task_queues:95:5)
    at async handler (webpack-internal:///(api)/./pages/api/loginOrRegister.js:37:13)
    at async K (/home/viscon/campusguessr/node_modules/next/dist/compiled/next-server/pages-api.runtime.dev.js:21:2871)
    at async U.render (/home/viscon/campusguessr/node_modules/next/dist/compiled/next-server/pages-api.runtime.dev.js:21:3955)
    at async DevServer.runApi (/home/viscon/campusguessr/node_modules/next/dist/server/next-server.js:598:9)
    at async NextNodeServer.handleCatchallRenderRequest (/home/viscon/campusguessr/node_modules/next/dist/server/next-server.js:269:37)
    at async DevServer.handleRequestImpl (/home/viscon/campusguessr/node_modules/next/dist/server/base-server.js:817:17)
    at async /home/viscon/campusguessr/node_modules/next/dist/server/dev/next-dev-server.js:339:20
    at async Span.traceAsyncFn (/home/viscon/campusguessr/node_modules/next/dist/trace/trace.js:154:20)
    at async DevServer.handleRequest (/home/viscon/campusguessr/node_modules/next/dist/server/dev/next-dev-server.js:336:24)
    at async invokeRender (/home/viscon/campusguessr/node_modules/next/dist/server/lib/router-server.js:173:21)
    at async handleRequest (/home/viscon/campusguessr/node_modules/next/dist/server/lib/router-server.js:350:24)
    at async requestHandlerImpl (/home/viscon/campusguessr/node_modules/next/dist/server/lib/router-server.js:374:13)
    at async Server.requestListener (/home/viscon/campusguessr/node_modules/next/dist/server/lib/start-server.js:141:13) {
  length: 282,
  severity: 'ERROR',
  code: '23514',
  detail: 'Failing row contains (61, sdfsaf, $2b$10$aqJ0fUHzF1YsVWTEnLK5s.TaRF29eJKfpQXc4K.fPAT5Xxt8TPkyq, 0, 0, 0, 5, 0).',
  hint: undefined,
  position: undefined,
  internalPosition: undefined,
  internalQuery: undefined,
  where: undefined,
  schema: 'public',
  table: 'users',
  column: undefined,
  dataType: undefined,
  constraint: 'users_name_check',
  file: 'execMain.c',
  line: '2055',
  routine: 'ExecConstraints'
}
 POST /api/loginOrRegister 500 in 127ms
Database error: error: new row for relation "users" violates check constraint "users_name_check"
    at /home/viscon/campusguessr/node_modules/pg-pool/index.js:45:11
    at process.processTicksAndRejections (node:internal/process/task_queues:95:5)
    at async handler (webpack-internal:///(api)/./pages/api/loginOrRegister.js:37:13)
    at async K (/home/viscon/campusguessr/node_modules/next/dist/compiled/next-server/pages-api.runtime.dev.js:21:2871)
    at async U.render (/home/viscon/campusguessr/node_modules/next/dist/compiled/next-server/pages-api.runtime.dev.js:21:3955)
    at async DevServer.runApi (/home/viscon/campusguessr/node_modules/next/dist/server/next-server.js:598:9)
    at async NextNodeServer.handleCatchallRenderRequest (/home/viscon/campusguessr/node_modules/next/dist/server/next-server.js:269:37)
    at async DevServer.handleRequestImpl (/home/viscon/campusguessr/node_modules/next/dist/server/base-server.js:817:17)
    at async /home/viscon/campusguessr/node_modules/next/dist/server/dev/next-dev-server.js:339:20
    at async Span.traceAsyncFn (/home/viscon/campusguessr/node_modules/next/dist/trace/trace.js:154:20)
    at async DevServer.handleRequest (/home/viscon/campusguessr/node_modules/next/dist/server/dev/next-dev-server.js:336:24)
    at async invokeRender (/home/viscon/campusguessr/node_modules/next/dist/server/lib/router-server.js:173:21)
    at async handleRequest (/home/viscon/campusguessr/node_modules/next/dist/server/lib/router-server.js:350:24)
    at async requestHandlerImpl (/home/viscon/campusguessr/node_modules/next/dist/server/lib/router-server.js:374:13)
    at async Server.requestListener (/home/viscon/campusguessr/node_modules/next/dist/server/lib/start-server.js:141:13) {
  length: 282,
  severity: 'ERROR',
  code: '23514',
  detail: 'Failing row contains (62, sdfsaf, $2b$10$hkHw6oLfqmHH4WOxrR/wKuuT8qKhP.ci4O/COotMwGXRZbijAP2JW, 0, 0, 0, 5, 0).',
  hint: undefined,
  position: undefined,
  internalPosition: undefined,
  internalQuery: undefined,
  where: undefined,
  schema: 'public',
  table: 'users',
  column: undefined,
  dataType: undefined,
  constraint: 'users_name_check',
  file: 'execMain.c',
  line: '2055',
  routine: 'ExecConstraints'
}
 POST /api/loginOrRegister 500 in 114ms
 GET /api/getUsers 200 in 46ms
Database error: error: new row for relation "users" violates check constraint "users_name_check"
    at /home/viscon/campusguessr/node_modules/pg-pool/index.js:45:11
    at process.processTicksAndRejections (node:internal/process/task_queues:95:5)
    at async handler (webpack-internal:///(api)/./pages/api/loginOrRegister.js:37:13)
    at async K (/home/viscon/campusguessr/node_modules/next/dist/compiled/next-server/pages-api.runtime.dev.js:21:2871)
    at async U.render (/home/viscon/campusguessr/node_modules/next/dist/compiled/next-server/pages-api.runtime.dev.js:21:3955)
    at async DevServer.runApi (/home/viscon/campusguessr/node_modules/next/dist/server/next-server.js:598:9)
    at async NextNodeServer.handleCatchallRenderRequest (/home/viscon/campusguessr/node_modules/next/dist/server/next-server.js:269:37)
    at async DevServer.handleRequestImpl (/home/viscon/campusguessr/node_modules/next/dist/server/base-server.js:817:17)
    at async /home/viscon/campusguessr/node_modules/next/dist/server/dev/next-dev-server.js:339:20
    at async Span.traceAsyncFn (/home/viscon/campusguessr/node_modules/next/dist/trace/trace.js:154:20)
    at async DevServer.handleRequest (/home/viscon/campusguessr/node_modules/next/dist/server/dev/next-dev-server.js:336:24)
    at async invokeRender (/home/viscon/campusguessr/node_modules/next/dist/server/lib/router-server.js:173:21)
    at async handleRequest (/home/viscon/campusguessr/node_modules/next/dist/server/lib/router-server.js:350:24)
    at async requestHandlerImpl (/home/viscon/campusguessr/node_modules/next/dist/server/lib/router-server.js:374:13)
    at async Server.requestListener (/home/viscon/campusguessr/node_modules/next/dist/server/lib/start-server.js:141:13) {
  length: 282,
  severity: 'ERROR',
  code: '23514',
  detail: 'Failing row contains (63, sdfsaf, $2b$10$C662uaqMFDSlxdoxgAbr.OcHok/hZ3KBygfSD6xxeouTayv8PRolq, 0, 0, 0, 5, 0).',
  hint: undefined,
  position: undefined,
  internalPosition: undefined,
  internalQuery: undefined,
  where: undefined,
  schema: 'public',
  table: 'users',
  column: undefined,
  dataType: undefined,
  constraint: 'users_name_check',
  file: 'execMain.c',
  line: '2055',
  routine: 'ExecConstraints'
}
 POST /api/loginOrRegister 500 in 98ms
Database error: error: new row for relation "users" violates check constraint "users_name_check"
    at /home/viscon/campusguessr/node_modules/pg-pool/index.js:45:11
    at process.processTicksAndRejections (node:internal/process/task_queues:95:5)
    at async handler (webpack-internal:///(api)/./pages/api/loginOrRegister.js:37:13)
    at async K (/home/viscon/campusguessr/node_modules/next/dist/compiled/next-server/pages-api.runtime.dev.js:21:2871)
    at async U.render (/home/viscon/campusguessr/node_modules/next/dist/compiled/next-server/pages-api.runtime.dev.js:21:3955)
    at async DevServer.runApi (/home/viscon/campusguessr/node_modules/next/dist/server/next-server.js:598:9)
    at async NextNodeServer.handleCatchallRenderRequest (/home/viscon/campusguessr/node_modules/next/dist/server/next-server.js:269:37)
    at async DevServer.handleRequestImpl (/home/viscon/campusguessr/node_modules/next/dist/server/base-server.js:817:17)
    at async /home/viscon/campusguessr/node_modules/next/dist/server/dev/next-dev-server.js:339:20
    at async Span.traceAsyncFn (/home/viscon/campusguessr/node_modules/next/dist/trace/trace.js:154:20)
    at async DevServer.handleRequest (/home/viscon/campusguessr/node_modules/next/dist/server/dev/next-dev-server.js:336:24)
    at async invokeRender (/home/viscon/campusguessr/node_modules/next/dist/server/lib/router-server.js:173:21)
    at async handleRequest (/home/viscon/campusguessr/node_modules/next/dist/server/lib/router-server.js:350:24)
    at async requestHandlerImpl (/home/viscon/campusguessr/node_modules/next/dist/server/lib/router-server.js:374:13)
    at async Server.requestListener (/home/viscon/campusguessr/node_modules/next/dist/server/lib/start-server.js:141:13) {
  length: 282,
  severity: 'ERROR',
  code: '23514',
  detail: 'Failing row contains (64, sdfsaf, $2b$10$5nToyvyShnMzpG47JJDPgO8cFMIniylYz2.bM/WUnQHl5lF5pDiPu, 0, 0, 0, 5, 0).',
  hint: undefined,
  position: undefined,
  internalPosition: undefined,
  internalQuery: undefined,
  where: undefined,
  schema: 'public',
  table: 'users',
  column: undefined,
  dataType: undefined,
  constraint: 'users_name_check',
  file: 'execMain.c',
  line: '2055',
  routine: 'ExecConstraints'
}
 POST /api/loginOrRegister 500 in 121ms
Database error: error: new row for relation "users" violates check constraint "users_name_check"
    at /home/viscon/campusguessr/node_modules/pg-pool/index.js:45:11
    at process.processTicksAndRejections (node:internal/process/task_queues:95:5)
    at async handler (webpack-internal:///(api)/./pages/api/loginOrRegister.js:37:13)
    at async K (/home/viscon/campusguessr/node_modules/next/dist/compiled/next-server/pages-api.runtime.dev.js:21:2871)
    at async U.render (/home/viscon/campusguessr/node_modules/next/dist/compiled/next-server/pages-api.runtime.dev.js:21:3955)
    at async DevServer.runApi (/home/viscon/campusguessr/node_modules/next/dist/server/next-server.js:598:9)
    at async NextNodeServer.handleCatchallRenderRequest (/home/viscon/campusguessr/node_modules/next/dist/server/next-server.js:269:37)
    at async DevServer.handleRequestImpl (/home/viscon/campusguessr/node_modules/next/dist/server/base-server.js:817:17)
    at async /home/viscon/campusguessr/node_modules/next/dist/server/dev/next-dev-server.js:339:20
    at async Span.traceAsyncFn (/home/viscon/campusguessr/node_modules/next/dist/trace/trace.js:154:20)
    at async DevServer.handleRequest (/home/viscon/campusguessr/node_modules/next/dist/server/dev/next-dev-server.js:336:24)
    at async invokeRender (/home/viscon/campusguessr/node_modules/next/dist/server/lib/router-server.js:173:21)
    at async handleRequest (/home/viscon/campusguessr/node_modules/next/dist/server/lib/router-server.js:350:24)
    at async requestHandlerImpl (/home/viscon/campusguessr/node_modules/next/dist/server/lib/router-server.js:374:13)
    at async Server.requestListener (/home/viscon/campusguessr/node_modules/next/dist/server/lib/start-server.js:141:13) {
  length: 282,
  severity: 'ERROR',
  code: '23514',
  detail: 'Failing row contains (65, sdfsaf, $2b$10$EZddxhH3xjT6lPP89wcazeZnZRJHRe5htKYljZ38xtB7b4R6ArK/S, 0, 0, 0, 5, 0).',
  hint: undefined,
  position: undefined,
  internalPosition: undefined,
  internalQuery: undefined,
  where: undefined,
  schema: 'public',
  table: 'users',
  column: undefined,
  dataType: undefined,
  constraint: 'users_name_check',
  file: 'execMain.c',
  line: '2055',
  routine: 'ExecConstraints'
}
 POST /api/loginOrRegister 500 in 130ms
Database error: error: new row for relation "users" violates check constraint "users_name_check"
    at /home/viscon/campusguessr/node_modules/pg-pool/index.js:45:11
    at process.processTicksAndRejections (node:internal/process/task_queues:95:5)
    at async handler (webpack-internal:///(api)/./pages/api/loginOrRegister.js:37:13)
    at async K (/home/viscon/campusguessr/node_modules/next/dist/compiled/next-server/pages-api.runtime.dev.js:21:2871)
    at async U.render (/home/viscon/campusguessr/node_modules/next/dist/compiled/next-server/pages-api.runtime.dev.js:21:3955)
    at async DevServer.runApi (/home/viscon/campusguessr/node_modules/next/dist/server/next-server.js:598:9)
    at async NextNodeServer.handleCatchallRenderRequest (/home/viscon/campusguessr/node_modules/next/dist/server/next-server.js:269:37)
    at async DevServer.handleRequestImpl (/home/viscon/campusguessr/node_modules/next/dist/server/base-server.js:817:17)
    at async /home/viscon/campusguessr/node_modules/next/dist/server/dev/next-dev-server.js:339:20
    at async Span.traceAsyncFn (/home/viscon/campusguessr/node_modules/next/dist/trace/trace.js:154:20)
    at async DevServer.handleRequest (/home/viscon/campusguessr/node_modules/next/dist/server/dev/next-dev-server.js:336:24)
    at async invokeRender (/home/viscon/campusguessr/node_modules/next/dist/server/lib/router-server.js:173:21)
    at async handleRequest (/home/viscon/campusguessr/node_modules/next/dist/server/lib/router-server.js:350:24)
    at async requestHandlerImpl (/home/viscon/campusguessr/node_modules/next/dist/server/lib/router-server.js:374:13)
    at async Server.requestListener (/home/viscon/campusguessr/node_modules/next/dist/server/lib/start-server.js:141:13) {
  length: 282,
  severity: 'ERROR',
  code: '23514',
  detail: 'Failing row contains (66, sdfsaf, $2b$10$gqW4/3Cp1FP6IKw3Ap./q.L3wf3VXN2vfj92A6qyeT9kbDSxsj.9S, 0, 0, 0, 5, 0).',
  hint: undefined,
  position: undefined,
  internalPosition: undefined,
  internalQuery: undefined,
  where: undefined,
  schema: 'public',
  table: 'users',
  column: undefined,
  dataType: undefined,
  constraint: 'users_name_check',
  file: 'execMain.c',
  line: '2055',
  routine: 'ExecConstraints'
}
 POST /api/loginOrRegister 500 in 121ms
Database error: error: new row for relation "users" violates check constraint "users_name_check"
    at /home/viscon/campusguessr/node_modules/pg-pool/index.js:45:11
    at process.processTicksAndRejections (node:internal/process/task_queues:95:5)
    at async handler (webpack-internal:///(api)/./pages/api/loginOrRegister.js:37:13)
    at async K (/home/viscon/campusguessr/node_modules/next/dist/compiled/next-server/pages-api.runtime.dev.js:21:2871)
    at async U.render (/home/viscon/campusguessr/node_modules/next/dist/compiled/next-server/pages-api.runtime.dev.js:21:3955)
    at async DevServer.runApi (/home/viscon/campusguessr/node_modules/next/dist/server/next-server.js:598:9)
    at async NextNodeServer.handleCatchallRenderRequest (/home/viscon/campusguessr/node_modules/next/dist/server/next-server.js:269:37)
    at async DevServer.handleRequestImpl (/home/viscon/campusguessr/node_modules/next/dist/server/base-server.js:817:17)
    at async /home/viscon/campusguessr/node_modules/next/dist/server/dev/next-dev-server.js:339:20
    at async Span.traceAsyncFn (/home/viscon/campusguessr/node_modules/next/dist/trace/trace.js:154:20)
    at async DevServer.handleRequest (/home/viscon/campusguessr/node_modules/next/dist/server/dev/next-dev-server.js:336:24)
    at async invokeRender (/home/viscon/campusguessr/node_modules/next/dist/server/lib/router-server.js:173:21)
    at async handleRequest (/home/viscon/campusguessr/node_modules/next/dist/server/lib/router-server.js:350:24)
    at async requestHandlerImpl (/home/viscon/campusguessr/node_modules/next/dist/server/lib/router-server.js:374:13)
    at async Server.requestListener (/home/viscon/campusguessr/node_modules/next/dist/server/lib/start-server.js:141:13) {
  length: 282,
  severity: 'ERROR',
  code: '23514',
  detail: 'Failing row contains (67, sdfsaf, $2b$10$nM2/UQ1el9yMqjsz96joSukVCCyl.rGebPW7tAspouR1YXgHmEuOG, 0, 0, 0, 5, 0).',
  hint: undefined,
  position: undefined,
  internalPosition: undefined,
  internalQuery: undefined,
  where: undefined,
  schema: 'public',
  table: 'users',
  column: undefined,
  dataType: undefined,
  constraint: 'users_name_check',
  file: 'execMain.c',
  line: '2055',
  routine: 'ExecConstraints'
}
 POST /api/loginOrRegister 500 in 127ms
Database error: error: new row for relation "users" violates check constraint "users_name_check"
    at /home/viscon/campusguessr/node_modules/pg-pool/index.js:45:11
    at process.processTicksAndRejections (node:internal/process/task_queues:95:5)
    at async handler (webpack-internal:///(api)/./pages/api/loginOrRegister.js:37:13)
    at async K (/home/viscon/campusguessr/node_modules/next/dist/compiled/next-server/pages-api.runtime.dev.js:21:2871)
    at async U.render (/home/viscon/campusguessr/node_modules/next/dist/compiled/next-server/pages-api.runtime.dev.js:21:3955)
    at async DevServer.runApi (/home/viscon/campusguessr/node_modules/next/dist/server/next-server.js:598:9)
    at async NextNodeServer.handleCatchallRenderRequest (/home/viscon/campusguessr/node_modules/next/dist/server/next-server.js:269:37)
    at async DevServer.handleRequestImpl (/home/viscon/campusguessr/node_modules/next/dist/server/base-server.js:817:17)
    at async /home/viscon/campusguessr/node_modules/next/dist/server/dev/next-dev-server.js:339:20
    at async Span.traceAsyncFn (/home/viscon/campusguessr/node_modules/next/dist/trace/trace.js:154:20)
    at async DevServer.handleRequest (/home/viscon/campusguessr/node_modules/next/dist/server/dev/next-dev-server.js:336:24)
    at async invokeRender (/home/viscon/campusguessr/node_modules/next/dist/server/lib/router-server.js:173:21)
    at async handleRequest (/home/viscon/campusguessr/node_modules/next/dist/server/lib/router-server.js:350:24)
    at async requestHandlerImpl (/home/viscon/campusguessr/node_modules/next/dist/server/lib/router-server.js:374:13)
    at async Server.requestListener (/home/viscon/campusguessr/node_modules/next/dist/server/lib/start-server.js:141:13) {
  length: 282,
  severity: 'ERROR',
  code: '23514',
  detail: 'Failing row contains (68, sdfsaf, $2b$10$lz00yafuyM/Z6cP6.mG3/OUWiabatgkRgAEC.BqwGmtKQh0c8mZkC, 0, 0, 0, 5, 0).',
  hint: undefined,
  position: undefined,
  internalPosition: undefined,
  internalQuery: undefined,
  where: undefined,
  schema: 'public',
  table: 'users',
  column: undefined,
  dataType: undefined,
  constraint: 'users_name_check',
  file: 'execMain.c',
  line: '2055',
  routine: 'ExecConstraints'
}
 POST /api/loginOrRegister 500 in 117ms
Database error: error: new row for relation "users" violates check constraint "users_name_check"
    at /home/viscon/campusguessr/node_modules/pg-pool/index.js:45:11
    at process.processTicksAndRejections (node:internal/process/task_queues:95:5)
    at async handler (webpack-internal:///(api)/./pages/api/loginOrRegister.js:37:13)
    at async K (/home/viscon/campusguessr/node_modules/next/dist/compiled/next-server/pages-api.runtime.dev.js:21:2871)
    at async U.render (/home/viscon/campusguessr/node_modules/next/dist/compiled/next-server/pages-api.runtime.dev.js:21:3955)
    at async DevServer.runApi (/home/viscon/campusguessr/node_modules/next/dist/server/next-server.js:598:9)
    at async NextNodeServer.handleCatchallRenderRequest (/home/viscon/campusguessr/node_modules/next/dist/server/next-server.js:269:37)
    at async DevServer.handleRequestImpl (/home/viscon/campusguessr/node_modules/next/dist/server/base-server.js:817:17)
    at async /home/viscon/campusguessr/node_modules/next/dist/server/dev/next-dev-server.js:339:20
    at async Span.traceAsyncFn (/home/viscon/campusguessr/node_modules/next/dist/trace/trace.js:154:20)
    at async DevServer.handleRequest (/home/viscon/campusguessr/node_modules/next/dist/server/dev/next-dev-server.js:336:24)
    at async invokeRender (/home/viscon/campusguessr/node_modules/next/dist/server/lib/router-server.js:173:21)
    at async handleRequest (/home/viscon/campusguessr/node_modules/next/dist/server/lib/router-server.js:350:24)
    at async requestHandlerImpl (/home/viscon/campusguessr/node_modules/next/dist/server/lib/router-server.js:374:13)
    at async Server.requestListener (/home/viscon/campusguessr/node_modules/next/dist/server/lib/start-server.js:141:13) {
  length: 282,
  severity: 'ERROR',
  code: '23514',
  detail: 'Failing row contains (69, sdfsaf, $2b$10$3p5yBVG4xaN9iC6D6ljwy.a/i.nneWZSQWpUt66xNPuf.V7RCsZgW, 0, 0, 0, 5, 0).',
  hint: undefined,
  position: undefined,
  internalPosition: undefined,
  internalQuery: undefined,
  where: undefined,
  schema: 'public',
  table: 'users',
  column: undefined,
  dataType: undefined,
  constraint: 'users_name_check',
  file: 'execMain.c',
  line: '2055',
  routine: 'ExecConstraints'
}
 POST /api/loginOrRegister 500 in 108ms
Database error: error: new row for relation "users" violates check constraint "users_name_check"
    at /home/viscon/campusguessr/node_modules/pg-pool/index.js:45:11
    at process.processTicksAndRejections (node:internal/process/task_queues:95:5)
    at async handler (webpack-internal:///(api)/./pages/api/loginOrRegister.js:37:13)
    at async K (/home/viscon/campusguessr/node_modules/next/dist/compiled/next-server/pages-api.runtime.dev.js:21:2871)
    at async U.render (/home/viscon/campusguessr/node_modules/next/dist/compiled/next-server/pages-api.runtime.dev.js:21:3955)
    at async DevServer.runApi (/home/viscon/campusguessr/node_modules/next/dist/server/next-server.js:598:9)
    at async NextNodeServer.handleCatchallRenderRequest (/home/viscon/campusguessr/node_modules/next/dist/server/next-server.js:269:37)
    at async DevServer.handleRequestImpl (/home/viscon/campusguessr/node_modules/next/dist/server/base-server.js:817:17)
    at async /home/viscon/campusguessr/node_modules/next/dist/server/dev/next-dev-server.js:339:20
    at async Span.traceAsyncFn (/home/viscon/campusguessr/node_modules/next/dist/trace/trace.js:154:20)
    at async DevServer.handleRequest (/home/viscon/campusguessr/node_modules/next/dist/server/dev/next-dev-server.js:336:24)
    at async invokeRender (/home/viscon/campusguessr/node_modules/next/dist/server/lib/router-server.js:173:21)
    at async handleRequest (/home/viscon/campusguessr/node_modules/next/dist/server/lib/router-server.js:350:24)
    at async requestHandlerImpl (/home/viscon/campusguessr/node_modules/next/dist/server/lib/router-server.js:374:13)
    at async Server.requestListener (/home/viscon/campusguessr/node_modules/next/dist/server/lib/start-server.js:141:13) {
  length: 282,
  severity: 'ERROR',
  code: '23514',
  detail: 'Failing row contains (70, sdfsaf, $2b$10$kglF7LlHNN9ZoPBQRhU5NOOz3f1MkrrvKHlVZDnr140JqEMiV3P.., 0, 0, 0, 5, 0).',
  hint: undefined,
  position: undefined,
  internalPosition: undefined,
  internalQuery: undefined,
  where: undefined,
  schema: 'public',
  table: 'users',
  column: undefined,
  dataType: undefined,
  constraint: 'users_name_check',
  file: 'execMain.c',
  line: '2055',
  routine: 'ExecConstraints'
}
 POST /api/loginOrRegister 500 in 123ms
Database error: error: new row for relation "users" violates check constraint "users_name_check"
    at /home/viscon/campusguessr/node_modules/pg-pool/index.js:45:11
    at process.processTicksAndRejections (node:internal/process/task_queues:95:5)
    at async handler (webpack-internal:///(api)/./pages/api/loginOrRegister.js:37:13)
    at async K (/home/viscon/campusguessr/node_modules/next/dist/compiled/next-server/pages-api.runtime.dev.js:21:2871)
    at async U.render (/home/viscon/campusguessr/node_modules/next/dist/compiled/next-server/pages-api.runtime.dev.js:21:3955)
    at async DevServer.runApi (/home/viscon/campusguessr/node_modules/next/dist/server/next-server.js:598:9)
    at async NextNodeServer.handleCatchallRenderRequest (/home/viscon/campusguessr/node_modules/next/dist/server/next-server.js:269:37)
    at async DevServer.handleRequestImpl (/home/viscon/campusguessr/node_modules/next/dist/server/base-server.js:817:17)
    at async /home/viscon/campusguessr/node_modules/next/dist/server/dev/next-dev-server.js:339:20
    at async Span.traceAsyncFn (/home/viscon/campusguessr/node_modules/next/dist/trace/trace.js:154:20)
    at async DevServer.handleRequest (/home/viscon/campusguessr/node_modules/next/dist/server/dev/next-dev-server.js:336:24)
    at async invokeRender (/home/viscon/campusguessr/node_modules/next/dist/server/lib/router-server.js:173:21)
    at async handleRequest (/home/viscon/campusguessr/node_modules/next/dist/server/lib/router-server.js:350:24)
    at async requestHandlerImpl (/home/viscon/campusguessr/node_modules/next/dist/server/lib/router-server.js:374:13)
    at async Server.requestListener (/home/viscon/campusguessr/node_modules/next/dist/server/lib/start-server.js:141:13) {
  length: 282,
  severity: 'ERROR',
  code: '23514',
  detail: 'Failing row contains (71, sdfsaf, $2b$10$Ty77wSzW91iuqMQGv8GJ6euXRyUO3j15S7FLl.eNQjRYlUrmEiYmy, 0, 0, 0, 5, 0).',
  hint: undefined,
  position: undefined,
  internalPosition: undefined,
  internalQuery: undefined,
  where: undefined,
  schema: 'public',
  table: 'users',
  column: undefined,
  dataType: undefined,
  constraint: 'users_name_check',
  file: 'execMain.c',
  line: '2055',
  routine: 'ExecConstraints'
}
 POST /api/loginOrRegister 500 in 132ms
Database error: error: new row for relation "users" violates check constraint "users_name_check"
    at /home/viscon/campusguessr/node_modules/pg-pool/index.js:45:11
    at process.processTicksAndRejections (node:internal/process/task_queues:95:5)
    at async handler (webpack-internal:///(api)/./pages/api/loginOrRegister.js:37:13)
    at async K (/home/viscon/campusguessr/node_modules/next/dist/compiled/next-server/pages-api.runtime.dev.js:21:2871)
    at async U.render (/home/viscon/campusguessr/node_modules/next/dist/compiled/next-server/pages-api.runtime.dev.js:21:3955)
    at async DevServer.runApi (/home/viscon/campusguessr/node_modules/next/dist/server/next-server.js:598:9)
    at async NextNodeServer.handleCatchallRenderRequest (/home/viscon/campusguessr/node_modules/next/dist/server/next-server.js:269:37)
    at async DevServer.handleRequestImpl (/home/viscon/campusguessr/node_modules/next/dist/server/base-server.js:817:17)
    at async /home/viscon/campusguessr/node_modules/next/dist/server/dev/next-dev-server.js:339:20
    at async Span.traceAsyncFn (/home/viscon/campusguessr/node_modules/next/dist/trace/trace.js:154:20)
    at async DevServer.handleRequest (/home/viscon/campusguessr/node_modules/next/dist/server/dev/next-dev-server.js:336:24)
    at async invokeRender (/home/viscon/campusguessr/node_modules/next/dist/server/lib/router-server.js:173:21)
    at async handleRequest (/home/viscon/campusguessr/node_modules/next/dist/server/lib/router-server.js:350:24)
    at async requestHandlerImpl (/home/viscon/campusguessr/node_modules/next/dist/server/lib/router-server.js:374:13)
    at async Server.requestListener (/home/viscon/campusguessr/node_modules/next/dist/server/lib/start-server.js:141:13) {
  length: 282,
  severity: 'ERROR',
  code: '23514',
  detail: 'Failing row contains (72, sdfsaf, $2b$10$for7pN97ileYPV23fbHFvO8djGXQVtWN0SqyAjtxqGyiQ77OwOePS, 0, 0, 0, 5, 0).',
  hint: undefined,
  position: undefined,
  internalPosition: undefined,
  internalQuery: undefined,
  where: undefined,
  schema: 'public',
  table: 'users',
  column: undefined,
  dataType: undefined,
  constraint: 'users_name_check',
  file: 'execMain.c',
  line: '2055',
  routine: 'ExecConstraints'
}
 POST /api/loginOrRegister 500 in 115ms
Database error: error: new row for relation "users" violates check constraint "users_name_check"
    at /home/viscon/campusguessr/node_modules/pg-pool/index.js:45:11
    at process.processTicksAndRejections (node:internal/process/task_queues:95:5)
    at async handler (webpack-internal:///(api)/./pages/api/loginOrRegister.js:37:13)
    at async K (/home/viscon/campusguessr/node_modules/next/dist/compiled/next-server/pages-api.runtime.dev.js:21:2871)
    at async U.render (/home/viscon/campusguessr/node_modules/next/dist/compiled/next-server/pages-api.runtime.dev.js:21:3955)
    at async DevServer.runApi (/home/viscon/campusguessr/node_modules/next/dist/server/next-server.js:598:9)
    at async NextNodeServer.handleCatchallRenderRequest (/home/viscon/campusguessr/node_modules/next/dist/server/next-server.js:269:37)
    at async DevServer.handleRequestImpl (/home/viscon/campusguessr/node_modules/next/dist/server/base-server.js:817:17)
    at async /home/viscon/campusguessr/node_modules/next/dist/server/dev/next-dev-server.js:339:20
    at async Span.traceAsyncFn (/home/viscon/campusguessr/node_modules/next/dist/trace/trace.js:154:20)
    at async DevServer.handleRequest (/home/viscon/campusguessr/node_modules/next/dist/server/dev/next-dev-server.js:336:24)
    at async invokeRender (/home/viscon/campusguessr/node_modules/next/dist/server/lib/router-server.js:173:21)
    at async handleRequest (/home/viscon/campusguessr/node_modules/next/dist/server/lib/router-server.js:350:24)
    at async requestHandlerImpl (/home/viscon/campusguessr/node_modules/next/dist/server/lib/router-server.js:374:13)
    at async Server.requestListener (/home/viscon/campusguessr/node_modules/next/dist/server/lib/start-server.js:141:13) {
  length: 282,
  severity: 'ERROR',
  code: '23514',
  detail: 'Failing row contains (73, sdfsaf, $2b$10$RAiDqNCXa2ciLWJzLR8TTOOPFDDs8sgHxdtveKOV9X5EsPACSOAW., 0, 0, 0, 5, 0).',
  hint: undefined,
  position: undefined,
  internalPosition: undefined,
  internalQuery: undefined,
  where: undefined,
  schema: 'public',
  table: 'users',
  column: undefined,
  dataType: undefined,
  constraint: 'users_name_check',
  file: 'execMain.c',
  line: '2055',
  routine: 'ExecConstraints'
}
 POST /api/loginOrRegister 500 in 125ms
 POST /api/submitGuess 200 in 55ms
Database error: error: new row for relation "users" violates check constraint "users_name_check"
    at /home/viscon/campusguessr/node_modules/pg-pool/index.js:45:11
    at process.processTicksAndRejections (node:internal/process/task_queues:95:5)
    at async handler (webpack-internal:///(api)/./pages/api/loginOrRegister.js:37:13)
    at async K (/home/viscon/campusguessr/node_modules/next/dist/compiled/next-server/pages-api.runtime.dev.js:21:2871)
    at async U.render (/home/viscon/campusguessr/node_modules/next/dist/compiled/next-server/pages-api.runtime.dev.js:21:3955)
    at async DevServer.runApi (/home/viscon/campusguessr/node_modules/next/dist/server/next-server.js:598:9)
    at async NextNodeServer.handleCatchallRenderRequest (/home/viscon/campusguessr/node_modules/next/dist/server/next-server.js:269:37)
    at async DevServer.handleRequestImpl (/home/viscon/campusguessr/node_modules/next/dist/server/base-server.js:817:17)
    at async /home/viscon/campusguessr/node_modules/next/dist/server/dev/next-dev-server.js:339:20
    at async Span.traceAsyncFn (/home/viscon/campusguessr/node_modules/next/dist/trace/trace.js:154:20)
    at async DevServer.handleRequest (/home/viscon/campusguessr/node_modules/next/dist/server/dev/next-dev-server.js:336:24)
    at async invokeRender (/home/viscon/campusguessr/node_modules/next/dist/server/lib/router-server.js:173:21)
    at async handleRequest (/home/viscon/campusguessr/node_modules/next/dist/server/lib/router-server.js:350:24)
    at async requestHandlerImpl (/home/viscon/campusguessr/node_modules/next/dist/server/lib/router-server.js:374:13)
    at async Server.requestListener (/home/viscon/campusguessr/node_modules/next/dist/server/lib/start-server.js:141:13) {
  length: 282,
  severity: 'ERROR',
  code: '23514',
  detail: 'Failing row contains (74, sdfsaf, $2b$10$A8Ow5EUNz0yYcJeu0DONFedvWC.XzvwGDbeZ9qxWfvei4BzqiuSFG, 0, 0, 0, 5, 0).',
  hint: undefined,
  position: undefined,
  internalPosition: undefined,
  internalQuery: undefined,
  where: undefined,
  schema: 'public',
  table: 'users',
  column: undefined,
  dataType: undefined,
  constraint: 'users_name_check',
  file: 'execMain.c',
  line: '2055',
  routine: 'ExecConstraints'
}
 POST /api/loginOrRegister 500 in 125ms
Database error: error: new row for relation "users" violates check constraint "users_name_check"
    at /home/viscon/campusguessr/node_modules/pg-pool/index.js:45:11
    at process.processTicksAndRejections (node:internal/process/task_queues:95:5)
    at async handler (webpack-internal:///(api)/./pages/api/loginOrRegister.js:37:13)
    at async K (/home/viscon/campusguessr/node_modules/next/dist/compiled/next-server/pages-api.runtime.dev.js:21:2871)
    at async U.render (/home/viscon/campusguessr/node_modules/next/dist/compiled/next-server/pages-api.runtime.dev.js:21:3955)
    at async DevServer.runApi (/home/viscon/campusguessr/node_modules/next/dist/server/next-server.js:598:9)
    at async NextNodeServer.handleCatchallRenderRequest (/home/viscon/campusguessr/node_modules/next/dist/server/next-server.js:269:37)
    at async DevServer.handleRequestImpl (/home/viscon/campusguessr/node_modules/next/dist/server/base-server.js:817:17)
    at async /home/viscon/campusguessr/node_modules/next/dist/server/dev/next-dev-server.js:339:20
    at async Span.traceAsyncFn (/home/viscon/campusguessr/node_modules/next/dist/trace/trace.js:154:20)
    at async DevServer.handleRequest (/home/viscon/campusguessr/node_modules/next/dist/server/dev/next-dev-server.js:336:24)
    at async invokeRender (/home/viscon/campusguessr/node_modules/next/dist/server/lib/router-server.js:173:21)
    at async handleRequest (/home/viscon/campusguessr/node_modules/next/dist/server/lib/router-server.js:350:24)
    at async requestHandlerImpl (/home/viscon/campusguessr/node_modules/next/dist/server/lib/router-server.js:374:13)
    at async Server.requestListener (/home/viscon/campusguessr/node_modules/next/dist/server/lib/start-server.js:141:13) {
  length: 282,
  severity: 'ERROR',
  code: '23514',
  detail: 'Failing row contains (75, sdfsaf, $2b$10$v1l8uizgFjy0Xg.rFOHo8.famDmSMhyh/PwGv7mz7tBg5Yc/RXrOi, 0, 0, 0, 5, 0).',
  hint: undefined,
  position: undefined,
  internalPosition: undefined,
  internalQuery: undefined,
  where: undefined,
  schema: 'public',
  table: 'users',
  column: undefined,
  dataType: undefined,
  constraint: 'users_name_check',
  file: 'execMain.c',
  line: '2055',
  routine: 'ExecConstraints'
}
 POST /api/loginOrRegister 500 in 92ms
Database error: error: new row for relation "users" violates check constraint "users_name_check"
    at /home/viscon/campusguessr/node_modules/pg-pool/index.js:45:11
    at process.processTicksAndRejections (node:internal/process/task_queues:95:5)
    at async handler (webpack-internal:///(api)/./pages/api/loginOrRegister.js:37:13)
    at async K (/home/viscon/campusguessr/node_modules/next/dist/compiled/next-server/pages-api.runtime.dev.js:21:2871)
    at async U.render (/home/viscon/campusguessr/node_modules/next/dist/compiled/next-server/pages-api.runtime.dev.js:21:3955)
    at async DevServer.runApi (/home/viscon/campusguessr/node_modules/next/dist/server/next-server.js:598:9)
    at async NextNodeServer.handleCatchallRenderRequest (/home/viscon/campusguessr/node_modules/next/dist/server/next-server.js:269:37)
    at async DevServer.handleRequestImpl (/home/viscon/campusguessr/node_modules/next/dist/server/base-server.js:817:17)
    at async /home/viscon/campusguessr/node_modules/next/dist/server/dev/next-dev-server.js:339:20
    at async Span.traceAsyncFn (/home/viscon/campusguessr/node_modules/next/dist/trace/trace.js:154:20)
    at async DevServer.handleRequest (/home/viscon/campusguessr/node_modules/next/dist/server/dev/next-dev-server.js:336:24)
    at async invokeRender (/home/viscon/campusguessr/node_modules/next/dist/server/lib/router-server.js:173:21)
    at async handleRequest (/home/viscon/campusguessr/node_modules/next/dist/server/lib/router-server.js:350:24)
    at async requestHandlerImpl (/home/viscon/campusguessr/node_modules/next/dist/server/lib/router-server.js:374:13)
    at async Server.requestListener (/home/viscon/campusguessr/node_modules/next/dist/server/lib/start-server.js:141:13) {
  length: 282,
  severity: 'ERROR',
  code: '23514',
  detail: 'Failing row contains (76, sdfsaf, $2b$10$/rEeMSpaxOGXuam5LBp1Z.7v939ZCWPnX9z1ZyMopR9gY3KsHXyVW, 0, 0, 0, 5, 0).',
  hint: undefined,
  position: undefined,
  internalPosition: undefined,
  internalQuery: undefined,
  where: undefined,
  schema: 'public',
  table: 'users',
  column: undefined,
  dataType: undefined,
  constraint: 'users_name_check',
  file: 'execMain.c',
  line: '2055',
  routine: 'ExecConstraints'
}
 POST /api/loginOrRegister 500 in 117ms
Database error: error: new row for relation "users" violates check constraint "users_name_check"
    at /home/viscon/campusguessr/node_modules/pg-pool/index.js:45:11
    at process.processTicksAndRejections (node:internal/process/task_queues:95:5)
    at async handler (webpack-internal:///(api)/./pages/api/loginOrRegister.js:37:13)
    at async K (/home/viscon/campusguessr/node_modules/next/dist/compiled/next-server/pages-api.runtime.dev.js:21:2871)
    at async U.render (/home/viscon/campusguessr/node_modules/next/dist/compiled/next-server/pages-api.runtime.dev.js:21:3955)
    at async DevServer.runApi (/home/viscon/campusguessr/node_modules/next/dist/server/next-server.js:598:9)
    at async NextNodeServer.handleCatchallRenderRequest (/home/viscon/campusguessr/node_modules/next/dist/server/next-server.js:269:37)
    at async DevServer.handleRequestImpl (/home/viscon/campusguessr/node_modules/next/dist/server/base-server.js:817:17)
    at async /home/viscon/campusguessr/node_modules/next/dist/server/dev/next-dev-server.js:339:20
    at async Span.traceAsyncFn (/home/viscon/campusguessr/node_modules/next/dist/trace/trace.js:154:20)
    at async DevServer.handleRequest (/home/viscon/campusguessr/node_modules/next/dist/server/dev/next-dev-server.js:336:24)
    at async invokeRender (/home/viscon/campusguessr/node_modules/next/dist/server/lib/router-server.js:173:21)
    at async handleRequest (/home/viscon/campusguessr/node_modules/next/dist/server/lib/router-server.js:350:24)
    at async requestHandlerImpl (/home/viscon/campusguessr/node_modules/next/dist/server/lib/router-server.js:374:13)
    at async Server.requestListener (/home/viscon/campusguessr/node_modules/next/dist/server/lib/start-server.js:141:13) {
  length: 282,
  severity: 'ERROR',
  code: '23514',
  detail: 'Failing row contains (77, sdfsaf, $2b$10$sp453z02RrOAWtHtuKrxaeuGvLE97Z9a6VqHdNaqv4gY8OOTak/Ya, 0, 0, 0, 5, 0).',
  hint: undefined,
  position: undefined,
  internalPosition: undefined,
  internalQuery: undefined,
  where: undefined,
  schema: 'public',
  table: 'users',
  column: undefined,
  dataType: undefined,
  constraint: 'users_name_check',
  file: 'execMain.c',
  line: '2055',
  routine: 'ExecConstraints'
}
 POST /api/loginOrRegister 500 in 117ms
 GET /api/getUsers 200 in 34ms
 POST /api/gambling 200 in 11ms
Database error: error: new row for relation "users" violates check constraint "users_name_check"
    at /home/viscon/campusguessr/node_modules/pg-pool/index.js:45:11
    at process.processTicksAndRejections (node:internal/process/task_queues:95:5)
    at async handler (webpack-internal:///(api)/./pages/api/loginOrRegister.js:37:13)
    at async K (/home/viscon/campusguessr/node_modules/next/dist/compiled/next-server/pages-api.runtime.dev.js:21:2871)
    at async U.render (/home/viscon/campusguessr/node_modules/next/dist/compiled/next-server/pages-api.runtime.dev.js:21:3955)
    at async DevServer.runApi (/home/viscon/campusguessr/node_modules/next/dist/server/next-server.js:598:9)
    at async NextNodeServer.handleCatchallRenderRequest (/home/viscon/campusguessr/node_modules/next/dist/server/next-server.js:269:37)
    at async DevServer.handleRequestImpl (/home/viscon/campusguessr/node_modules/next/dist/server/base-server.js:817:17)
    at async /home/viscon/campusguessr/node_modules/next/dist/server/dev/next-dev-server.js:339:20
    at async Span.traceAsyncFn (/home/viscon/campusguessr/node_modules/next/dist/trace/trace.js:154:20)
    at async DevServer.handleRequest (/home/viscon/campusguessr/node_modules/next/dist/server/dev/next-dev-server.js:336:24)
    at async invokeRender (/home/viscon/campusguessr/node_modules/next/dist/server/lib/router-server.js:173:21)
    at async handleRequest (/home/viscon/campusguessr/node_modules/next/dist/server/lib/router-server.js:350:24)
    at async requestHandlerImpl (/home/viscon/campusguessr/node_modules/next/dist/server/lib/router-server.js:374:13)
    at async Server.requestListener (/home/viscon/campusguessr/node_modules/next/dist/server/lib/start-server.js:141:13) {
  length: 282,
  severity: 'ERROR',
  code: '23514',
  detail: 'Failing row contains (78, sdfsaf, $2b$10$vR1qLy4DF2dKjCd1ASEDMuYQKq53OePnxUMorJF3NH196uIE15VOK, 0, 0, 0, 5, 0).',
  hint: undefined,
  position: undefined,
  internalPosition: undefined,
  internalQuery: undefined,
  where: undefined,
  schema: 'public',
  table: 'users',
  column: undefined,
  dataType: undefined,
  constraint: 'users_name_check',
  file: 'execMain.c',
  line: '2055',
  routine: 'ExecConstraints'
}
 POST /api/loginOrRegister 500 in 100ms
 POST /api/gambling 200 in 37ms
 POST /api/gambling 200 in 6ms
Database error: error: new row for relation "users" violates check constraint "users_name_check"
    at /home/viscon/campusguessr/node_modules/pg-pool/index.js:45:11
    at process.processTicksAndRejections (node:internal/process/task_queues:95:5)
    at async handler (webpack-internal:///(api)/./pages/api/loginOrRegister.js:37:13)
    at async K (/home/viscon/campusguessr/node_modules/next/dist/compiled/next-server/pages-api.runtime.dev.js:21:2871)
    at async U.render (/home/viscon/campusguessr/node_modules/next/dist/compiled/next-server/pages-api.runtime.dev.js:21:3955)
    at async DevServer.runApi (/home/viscon/campusguessr/node_modules/next/dist/server/next-server.js:598:9)
    at async NextNodeServer.handleCatchallRenderRequest (/home/viscon/campusguessr/node_modules/next/dist/server/next-server.js:269:37)
    at async DevServer.handleRequestImpl (/home/viscon/campusguessr/node_modules/next/dist/server/base-server.js:817:17)
    at async /home/viscon/campusguessr/node_modules/next/dist/server/dev/next-dev-server.js:339:20
    at async Span.traceAsyncFn (/home/viscon/campusguessr/node_modules/next/dist/trace/trace.js:154:20)
    at async DevServer.handleRequest (/home/viscon/campusguessr/node_modules/next/dist/server/dev/next-dev-server.js:336:24)
    at async invokeRender (/home/viscon/campusguessr/node_modules/next/dist/server/lib/router-server.js:173:21)
    at async handleRequest (/home/viscon/campusguessr/node_modules/next/dist/server/lib/router-server.js:350:24)
    at async requestHandlerImpl (/home/viscon/campusguessr/node_modules/next/dist/server/lib/router-server.js:374:13)
    at async Server.requestListener (/home/viscon/campusguessr/node_modules/next/dist/server/lib/start-server.js:141:13) {
  length: 282,
  severity: 'ERROR',
  code: '23514',
  detail: 'Failing row contains (79, sdfsaf, $2b$10$b6XI8GX4p4rWh0lvead0b.FMNhJdI3o02gleRZGoSVmDzuMuw1L3a, 0, 0, 0, 5, 0).',
  hint: undefined,
  position: undefined,
  internalPosition: undefined,
  internalQuery: undefined,
  where: undefined,
  schema: 'public',
  table: 'users',
  column: undefined,
  dataType: undefined,
  constraint: 'users_name_check',
  file: 'execMain.c',
  line: '2055',
  routine: 'ExecConstraints'
}
 POST /api/loginOrRegister 500 in 89ms
 POST /api/gambling 200 in 22ms
 POST /api/gambling 200 in 7ms
Database error: error: new row for relation "users" violates check constraint "users_name_check"
    at /home/viscon/campusguessr/node_modules/pg-pool/index.js:45:11
    at process.processTicksAndRejections (node:internal/process/task_queues:95:5)
    at async handler (webpack-internal:///(api)/./pages/api/loginOrRegister.js:37:13)
    at async K (/home/viscon/campusguessr/node_modules/next/dist/compiled/next-server/pages-api.runtime.dev.js:21:2871)
    at async U.render (/home/viscon/campusguessr/node_modules/next/dist/compiled/next-server/pages-api.runtime.dev.js:21:3955)
    at async DevServer.runApi (/home/viscon/campusguessr/node_modules/next/dist/server/next-server.js:598:9)
    at async NextNodeServer.handleCatchallRenderRequest (/home/viscon/campusguessr/node_modules/next/dist/server/next-server.js:269:37)
    at async DevServer.handleRequestImpl (/home/viscon/campusguessr/node_modules/next/dist/server/base-server.js:817:17)
    at async /home/viscon/campusguessr/node_modules/next/dist/server/dev/next-dev-server.js:339:20
    at async Span.traceAsyncFn (/home/viscon/campusguessr/node_modules/next/dist/trace/trace.js:154:20)
    at async DevServer.handleRequest (/home/viscon/campusguessr/node_modules/next/dist/server/dev/next-dev-server.js:336:24)
    at async invokeRender (/home/viscon/campusguessr/node_modules/next/dist/server/lib/router-server.js:173:21)
    at async handleRequest (/home/viscon/campusguessr/node_modules/next/dist/server/lib/router-server.js:350:24)
    at async requestHandlerImpl (/home/viscon/campusguessr/node_modules/next/dist/server/lib/router-server.js:374:13)
    at async Server.requestListener (/home/viscon/campusguessr/node_modules/next/dist/server/lib/start-server.js:141:13) {
  length: 282,
  severity: 'ERROR',
  code: '23514',
  detail: 'Failing row contains (80, sdfsaf, $2b$10$0TQOLrIZerm6aBKDbKhLyeJWa.EtQiykw0Jmm/WacLENj65q5rVdS, 0, 0, 0, 5, 0).',
  hint: undefined,
  position: undefined,
  internalPosition: undefined,
  internalQuery: undefined,
  where: undefined,
  schema: 'public',
  table: 'users',
  column: undefined,
  dataType: undefined,
  constraint: 'users_name_check',
  file: 'execMain.c',
  line: '2055',
  routine: 'ExecConstraints'
}
 POST /api/loginOrRegister 500 in 88ms
 POST /api/gambling 200 in 36ms
Database error: error: new row for relation "users" violates check constraint "users_name_check"
    at /home/viscon/campusguessr/node_modules/pg-pool/index.js:45:11
    at process.processTicksAndRejections (node:internal/process/task_queues:95:5)
    at async handler (webpack-internal:///(api)/./pages/api/loginOrRegister.js:37:13)
    at async K (/home/viscon/campusguessr/node_modules/next/dist/compiled/next-server/pages-api.runtime.dev.js:21:2871)
    at async U.render (/home/viscon/campusguessr/node_modules/next/dist/compiled/next-server/pages-api.runtime.dev.js:21:3955)
    at async DevServer.runApi (/home/viscon/campusguessr/node_modules/next/dist/server/next-server.js:598:9)
    at async NextNodeServer.handleCatchallRenderRequest (/home/viscon/campusguessr/node_modules/next/dist/server/next-server.js:269:37)
    at async DevServer.handleRequestImpl (/home/viscon/campusguessr/node_modules/next/dist/server/base-server.js:817:17)
    at async /home/viscon/campusguessr/node_modules/next/dist/server/dev/next-dev-server.js:339:20
    at async Span.traceAsyncFn (/home/viscon/campusguessr/node_modules/next/dist/trace/trace.js:154:20)
    at async DevServer.handleRequest (/home/viscon/campusguessr/node_modules/next/dist/server/dev/next-dev-server.js:336:24)
    at async invokeRender (/home/viscon/campusguessr/node_modules/next/dist/server/lib/router-server.js:173:21)
    at async handleRequest (/home/viscon/campusguessr/node_modules/next/dist/server/lib/router-server.js:350:24)
    at async requestHandlerImpl (/home/viscon/campusguessr/node_modules/next/dist/server/lib/router-server.js:374:13)
    at async Server.requestListener (/home/viscon/campusguessr/node_modules/next/dist/server/lib/start-server.js:141:13) {
  length: 282,
  severity: 'ERROR',
  code: '23514',
  detail: 'Failing row contains (81, sdfsaf, $2b$10$9CT30iAheAD/s0O5gU3Ww.qxm9ViFGH4zHr0CvY1kvWACzGGVoCy6, 0, 0, 0, 5, 0).',
  hint: undefined,
  position: undefined,
  internalPosition: undefined,
  internalQuery: undefined,
  where: undefined,
  schema: 'public',
  table: 'users',
  column: undefined,
  dataType: undefined,
  constraint: 'users_name_check',
  file: 'execMain.c',
  line: '2055',
  routine: 'ExecConstraints'
}
 POST /api/loginOrRegister 500 in 111ms
 POST /api/gambling 200 in 13ms
Database error: error: new row for relation "users" violates check constraint "users_name_check"
    at /home/viscon/campusguessr/node_modules/pg-pool/index.js:45:11
    at process.processTicksAndRejections (node:internal/process/task_queues:95:5)
    at async handler (webpack-internal:///(api)/./pages/api/loginOrRegister.js:37:13)
    at async K (/home/viscon/campusguessr/node_modules/next/dist/compiled/next-server/pages-api.runtime.dev.js:21:2871)
    at async U.render (/home/viscon/campusguessr/node_modules/next/dist/compiled/next-server/pages-api.runtime.dev.js:21:3955)
    at async DevServer.runApi (/home/viscon/campusguessr/node_modules/next/dist/server/next-server.js:598:9)
    at async NextNodeServer.handleCatchallRenderRequest (/home/viscon/campusguessr/node_modules/next/dist/server/next-server.js:269:37)
    at async DevServer.handleRequestImpl (/home/viscon/campusguessr/node_modules/next/dist/server/base-server.js:817:17)
    at async /home/viscon/campusguessr/node_modules/next/dist/server/dev/next-dev-server.js:339:20
    at async Span.traceAsyncFn (/home/viscon/campusguessr/node_modules/next/dist/trace/trace.js:154:20)
    at async DevServer.handleRequest (/home/viscon/campusguessr/node_modules/next/dist/server/dev/next-dev-server.js:336:24)
    at async invokeRender (/home/viscon/campusguessr/node_modules/next/dist/server/lib/router-server.js:173:21)
    at async handleRequest (/home/viscon/campusguessr/node_modules/next/dist/server/lib/router-server.js:350:24)
    at async requestHandlerImpl (/home/viscon/campusguessr/node_modules/next/dist/server/lib/router-server.js:374:13)
    at async Server.requestListener (/home/viscon/campusguessr/node_modules/next/dist/server/lib/start-server.js:141:13) {
  length: 282,
  severity: 'ERROR',
  code: '23514',
  detail: 'Failing row contains (82, sdfsaf, $2b$10$Zu/fyvz.JT.JIVZYEUGGI.PZ5RjDTfqT4L/2mZb4pk5jlZtou4Riy, 0, 0, 0, 5, 0).',
  hint: undefined,
  position: undefined,
  internalPosition: undefined,
  internalQuery: undefined,
  where: undefined,
  schema: 'public',
  table: 'users',
  column: undefined,
  dataType: undefined,
  constraint: 'users_name_check',
  file: 'execMain.c',
  line: '2055',
  routine: 'ExecConstraints'
}
 POST /api/loginOrRegister 500 in 97ms
 POST /api/submitGuess 200 in 42ms
 POST /api/submitGuess 200 in 45ms
 POST /api/gambling 200 in 8ms
 GET /api/getBuildings 200 in 5ms
Database error: error: new row for relation "users" violates check constraint "users_name_check"
    at /home/viscon/campusguessr/node_modules/pg-pool/index.js:45:11
    at process.processTicksAndRejections (node:internal/process/task_queues:95:5)
    at async handler (webpack-internal:///(api)/./pages/api/loginOrRegister.js:37:13)
    at async K (/home/viscon/campusguessr/node_modules/next/dist/compiled/next-server/pages-api.runtime.dev.js:21:2871)
    at async U.render (/home/viscon/campusguessr/node_modules/next/dist/compiled/next-server/pages-api.runtime.dev.js:21:3955)
    at async DevServer.runApi (/home/viscon/campusguessr/node_modules/next/dist/server/next-server.js:598:9)
    at async NextNodeServer.handleCatchallRenderRequest (/home/viscon/campusguessr/node_modules/next/dist/server/next-server.js:269:37)
    at async DevServer.handleRequestImpl (/home/viscon/campusguessr/node_modules/next/dist/server/base-server.js:817:17)
    at async /home/viscon/campusguessr/node_modules/next/dist/server/dev/next-dev-server.js:339:20
    at async Span.traceAsyncFn (/home/viscon/campusguessr/node_modules/next/dist/trace/trace.js:154:20)
    at async DevServer.handleRequest (/home/viscon/campusguessr/node_modules/next/dist/server/dev/next-dev-server.js:336:24)
    at async invokeRender (/home/viscon/campusguessr/node_modules/next/dist/server/lib/router-server.js:173:21)
    at async handleRequest (/home/viscon/campusguessr/node_modules/next/dist/server/lib/router-server.js:350:24)
    at async requestHandlerImpl (/home/viscon/campusguessr/node_modules/next/dist/server/lib/router-server.js:374:13)
    at async Server.requestListener (/home/viscon/campusguessr/node_modules/next/dist/server/lib/start-server.js:141:13) {
  length: 282,
  severity: 'ERROR',
  code: '23514',
  detail: 'Failing row contains (83, sdfsaf, $2b$10$Llj/.U1qMuagPuemXvy4w.aLMgoJbonudR7dht3LDpYBVWt.IQH/S, 0, 0, 0, 5, 0).',
  hint: undefined,
  position: undefined,
  internalPosition: undefined,
  internalQuery: undefined,
  where: undefined,
  schema: 'public',
  table: 'users',
  column: undefined,
  dataType: undefined,
  constraint: 'users_name_check',
  file: 'execMain.c',
  line: '2055',
  routine: 'ExecConstraints'
}
 POST /api/loginOrRegister 500 in 104ms
Database error: error: new row for relation "users" violates check constraint "users_name_check"
    at /home/viscon/campusguessr/node_modules/pg-pool/index.js:45:11
    at process.processTicksAndRejections (node:internal/process/task_queues:95:5)
    at async handler (webpack-internal:///(api)/./pages/api/loginOrRegister.js:37:13)
    at async K (/home/viscon/campusguessr/node_modules/next/dist/compiled/next-server/pages-api.runtime.dev.js:21:2871)
    at async U.render (/home/viscon/campusguessr/node_modules/next/dist/compiled/next-server/pages-api.runtime.dev.js:21:3955)
    at async DevServer.runApi (/home/viscon/campusguessr/node_modules/next/dist/server/next-server.js:598:9)
    at async NextNodeServer.handleCatchallRenderRequest (/home/viscon/campusguessr/node_modules/next/dist/server/next-server.js:269:37)
    at async DevServer.handleRequestImpl (/home/viscon/campusguessr/node_modules/next/dist/server/base-server.js:817:17)
    at async /home/viscon/campusguessr/node_modules/next/dist/server/dev/next-dev-server.js:339:20
    at async Span.traceAsyncFn (/home/viscon/campusguessr/node_modules/next/dist/trace/trace.js:154:20)
    at async DevServer.handleRequest (/home/viscon/campusguessr/node_modules/next/dist/server/dev/next-dev-server.js:336:24)
    at async invokeRender (/home/viscon/campusguessr/node_modules/next/dist/server/lib/router-server.js:173:21)
    at async handleRequest (/home/viscon/campusguessr/node_modules/next/dist/server/lib/router-server.js:350:24)
    at async requestHandlerImpl (/home/viscon/campusguessr/node_modules/next/dist/server/lib/router-server.js:374:13)
    at async Server.requestListener (/home/viscon/campusguessr/node_modules/next/dist/server/lib/start-server.js:141:13) {
  length: 283,
  severity: 'ERROR',
  code: '23514',
  detail: 'Failing row contains (84, florina, $2b$10$9Ejyu0DvEG11PufAOgvZI.wsQEnnV6k4UISMWemDPQ.NdfJ9Z0.Iy, 0, 0, 0, 5, 0).',
  hint: undefined,
  position: undefined,
  internalPosition: undefined,
  internalQuery: undefined,
  where: undefined,
  schema: 'public',
  table: 'users',
  column: undefined,
  dataType: undefined,
  constraint: 'users_name_check',
  file: 'execMain.c',
  line: '2055',
  routine: 'ExecConstraints'
}
 POST /api/loginOrRegister 500 in 88ms
 GET /api/getBuildings 304 in 8ms
 GET / 200 in 23ms
Database error: error: new row for relation "users" violates check constraint "users_name_check"
    at /home/viscon/campusguessr/node_modules/pg-pool/index.js:45:11
    at process.processTicksAndRejections (node:internal/process/task_queues:95:5)
    at async handler (webpack-internal:///(api)/./pages/api/loginOrRegister.js:37:13)
    at async K (/home/viscon/campusguessr/node_modules/next/dist/compiled/next-server/pages-api.runtime.dev.js:21:2871)
    at async U.render (/home/viscon/campusguessr/node_modules/next/dist/compiled/next-server/pages-api.runtime.dev.js:21:3955)
    at async DevServer.runApi (/home/viscon/campusguessr/node_modules/next/dist/server/next-server.js:598:9)
    at async NextNodeServer.handleCatchallRenderRequest (/home/viscon/campusguessr/node_modules/next/dist/server/next-server.js:269:37)
    at async DevServer.handleRequestImpl (/home/viscon/campusguessr/node_modules/next/dist/server/base-server.js:817:17)
    at async /home/viscon/campusguessr/node_modules/next/dist/server/dev/next-dev-server.js:339:20
    at async Span.traceAsyncFn (/home/viscon/campusguessr/node_modules/next/dist/trace/trace.js:154:20)
    at async DevServer.handleRequest (/home/viscon/campusguessr/node_modules/next/dist/server/dev/next-dev-server.js:336:24)
    at async invokeRender (/home/viscon/campusguessr/node_modules/next/dist/server/lib/router-server.js:173:21)
    at async handleRequest (/home/viscon/campusguessr/node_modules/next/dist/server/lib/router-server.js:350:24)
    at async requestHandlerImpl (/home/viscon/campusguessr/node_modules/next/dist/server/lib/router-server.js:374:13)
    at async Server.requestListener (/home/viscon/campusguessr/node_modules/next/dist/server/lib/start-server.js:141:13) {
  length: 282,
  severity: 'ERROR',
  code: '23514',
  detail: 'Failing row contains (85, sdfsaf, $2b$10$zz5Ogja3T4nhfp/yr3y.S.fn47WlAJoYHvt8ThAh7CVRDoLUg1Wl., 0, 0, 0, 5, 0).',
  hint: undefined,
  position: undefined,
  internalPosition: undefined,
  internalQuery: undefined,
  where: undefined,
  schema: 'public',
  table: 'users',
  column: undefined,
  dataType: undefined,
  constraint: 'users_name_check',
  file: 'execMain.c',
  line: '2055',
  routine: 'ExecConstraints'
}
 POST /api/loginOrRegister 500 in 98ms
 GET /api/getFloors?building=ALL 304 in 6ms
Database error: error: new row for relation "users" violates check constraint "users_name_check"
    at /home/viscon/campusguessr/node_modules/pg-pool/index.js:45:11
    at process.processTicksAndRejections (node:internal/process/task_queues:95:5)
    at async handler (webpack-internal:///(api)/./pages/api/loginOrRegister.js:37:13)
    at async K (/home/viscon/campusguessr/node_modules/next/dist/compiled/next-server/pages-api.runtime.dev.js:21:2871)
    at async U.render (/home/viscon/campusguessr/node_modules/next/dist/compiled/next-server/pages-api.runtime.dev.js:21:3955)
    at async DevServer.runApi (/home/viscon/campusguessr/node_modules/next/dist/server/next-server.js:598:9)
    at async NextNodeServer.handleCatchallRenderRequest (/home/viscon/campusguessr/node_modules/next/dist/server/next-server.js:269:37)
    at async DevServer.handleRequestImpl (/home/viscon/campusguessr/node_modules/next/dist/server/base-server.js:817:17)
    at async /home/viscon/campusguessr/node_modules/next/dist/server/dev/next-dev-server.js:339:20
    at async Span.traceAsyncFn (/home/viscon/campusguessr/node_modules/next/dist/trace/trace.js:154:20)
    at async DevServer.handleRequest (/home/viscon/campusguessr/node_modules/next/dist/server/dev/next-dev-server.js:336:24)
    at async invokeRender (/home/viscon/campusguessr/node_modules/next/dist/server/lib/router-server.js:173:21)
    at async handleRequest (/home/viscon/campusguessr/node_modules/next/dist/server/lib/router-server.js:350:24)
    at async requestHandlerImpl (/home/viscon/campusguessr/node_modules/next/dist/server/lib/router-server.js:374:13)
    at async Server.requestListener (/home/viscon/campusguessr/node_modules/next/dist/server/lib/start-server.js:141:13) {
  length: 282,
  severity: 'ERROR',
  code: '23514',
  detail: 'Failing row contains (86, sdfsaf, $2b$10$/nGfnYL4fQ2og2TFRCVClepx.Llu8zcvniAvAtinsk9MdBIHZsOzC, 0, 0, 0, 5, 0).',
  hint: undefined,
  position: undefined,
  internalPosition: undefined,
  internalQuery: undefined,
  where: undefined,
  schema: 'public',
  table: 'users',
  column: undefined,
  dataType: undefined,
  constraint: 'users_name_check',
  file: 'execMain.c',
  line: '2055',
  routine: 'ExecConstraints'
}
 POST /api/loginOrRegister 500 in 136ms
Database error: error: new row for relation "users" violates check constraint "users_name_check"
    at /home/viscon/campusguessr/node_modules/pg-pool/index.js:45:11
    at process.processTicksAndRejections (node:internal/process/task_queues:95:5)
    at async handler (webpack-internal:///(api)/./pages/api/loginOrRegister.js:37:13)
    at async K (/home/viscon/campusguessr/node_modules/next/dist/compiled/next-server/pages-api.runtime.dev.js:21:2871)
    at async U.render (/home/viscon/campusguessr/node_modules/next/dist/compiled/next-server/pages-api.runtime.dev.js:21:3955)
    at async DevServer.runApi (/home/viscon/campusguessr/node_modules/next/dist/server/next-server.js:598:9)
    at async NextNodeServer.handleCatchallRenderRequest (/home/viscon/campusguessr/node_modules/next/dist/server/next-server.js:269:37)
    at async DevServer.handleRequestImpl (/home/viscon/campusguessr/node_modules/next/dist/server/base-server.js:817:17)
    at async /home/viscon/campusguessr/node_modules/next/dist/server/dev/next-dev-server.js:339:20
    at async Span.traceAsyncFn (/home/viscon/campusguessr/node_modules/next/dist/trace/trace.js:154:20)
    at async DevServer.handleRequest (/home/viscon/campusguessr/node_modules/next/dist/server/dev/next-dev-server.js:336:24)
    at async invokeRender (/home/viscon/campusguessr/node_modules/next/dist/server/lib/router-server.js:173:21)
    at async handleRequest (/home/viscon/campusguessr/node_modules/next/dist/server/lib/router-server.js:350:24)
    at async requestHandlerImpl (/home/viscon/campusguessr/node_modules/next/dist/server/lib/router-server.js:374:13)
    at async Server.requestListener (/home/viscon/campusguessr/node_modules/next/dist/server/lib/start-server.js:141:13) {
  length: 282,
  severity: 'ERROR',
  code: '23514',
  detail: 'Failing row contains (87, sdfsaf, $2b$10$EX4pPHbe6xdUuDtNK3aVi.vMSXWiC2vBeY/Y/wf2WD97wnJMi3vq2, 0, 0, 0, 5, 0).',
  hint: undefined,
  position: undefined,
  internalPosition: undefined,
  internalQuery: undefined,
  where: undefined,
  schema: 'public',
  table: 'users',
  column: undefined,
  dataType: undefined,
  constraint: 'users_name_check',
  file: 'execMain.c',
  line: '2055',
  routine: 'ExecConstraints'
}
 POST /api/loginOrRegister 500 in 126ms
Database error: error: new row for relation "users" violates check constraint "users_name_check"
    at /home/viscon/campusguessr/node_modules/pg-pool/index.js:45:11
    at process.processTicksAndRejections (node:internal/process/task_queues:95:5)
    at async handler (webpack-internal:///(api)/./pages/api/loginOrRegister.js:37:13)
    at async K (/home/viscon/campusguessr/node_modules/next/dist/compiled/next-server/pages-api.runtime.dev.js:21:2871)
    at async U.render (/home/viscon/campusguessr/node_modules/next/dist/compiled/next-server/pages-api.runtime.dev.js:21:3955)
    at async DevServer.runApi (/home/viscon/campusguessr/node_modules/next/dist/server/next-server.js:598:9)
    at async NextNodeServer.handleCatchallRenderRequest (/home/viscon/campusguessr/node_modules/next/dist/server/next-server.js:269:37)
    at async DevServer.handleRequestImpl (/home/viscon/campusguessr/node_modules/next/dist/server/base-server.js:817:17)
    at async /home/viscon/campusguessr/node_modules/next/dist/server/dev/next-dev-server.js:339:20
    at async Span.traceAsyncFn (/home/viscon/campusguessr/node_modules/next/dist/trace/trace.js:154:20)
    at async DevServer.handleRequest (/home/viscon/campusguessr/node_modules/next/dist/server/dev/next-dev-server.js:336:24)
    at async invokeRender (/home/viscon/campusguessr/node_modules/next/dist/server/lib/router-server.js:173:21)
    at async handleRequest (/home/viscon/campusguessr/node_modules/next/dist/server/lib/router-server.js:350:24)
    at async requestHandlerImpl (/home/viscon/campusguessr/node_modules/next/dist/server/lib/router-server.js:374:13)
    at async Server.requestListener (/home/viscon/campusguessr/node_modules/next/dist/server/lib/start-server.js:141:13) {
  length: 282,
  severity: 'ERROR',
  code: '23514',
  detail: 'Failing row contains (88, sdfsaf, $2b$10$rexaIDUc6Ld5sS5QqrS0Zex9QkMuJusrctIj463F7.daOl7/wTC0O, 0, 0, 0, 5, 0).',
  hint: undefined,
  position: undefined,
  internalPosition: undefined,
  internalQuery: undefined,
  where: undefined,
  schema: 'public',
  table: 'users',
  column: undefined,
  dataType: undefined,
  constraint: 'users_name_check',
  file: 'execMain.c',
  line: '2055',
  routine: 'ExecConstraints'
}
 POST /api/loginOrRegister 500 in 113ms
Database error: error: new row for relation "users" violates check constraint "users_name_check"
    at /home/viscon/campusguessr/node_modules/pg-pool/index.js:45:11
    at process.processTicksAndRejections (node:internal/process/task_queues:95:5)
    at async handler (webpack-internal:///(api)/./pages/api/loginOrRegister.js:37:13)
    at async K (/home/viscon/campusguessr/node_modules/next/dist/compiled/next-server/pages-api.runtime.dev.js:21:2871)
    at async U.render (/home/viscon/campusguessr/node_modules/next/dist/compiled/next-server/pages-api.runtime.dev.js:21:3955)
    at async DevServer.runApi (/home/viscon/campusguessr/node_modules/next/dist/server/next-server.js:598:9)
    at async NextNodeServer.handleCatchallRenderRequest (/home/viscon/campusguessr/node_modules/next/dist/server/next-server.js:269:37)
    at async DevServer.handleRequestImpl (/home/viscon/campusguessr/node_modules/next/dist/server/base-server.js:817:17)
    at async /home/viscon/campusguessr/node_modules/next/dist/server/dev/next-dev-server.js:339:20
    at async Span.traceAsyncFn (/home/viscon/campusguessr/node_modules/next/dist/trace/trace.js:154:20)
    at async DevServer.handleRequest (/home/viscon/campusguessr/node_modules/next/dist/server/dev/next-dev-server.js:336:24)
    at async invokeRender (/home/viscon/campusguessr/node_modules/next/dist/server/lib/router-server.js:173:21)
    at async handleRequest (/home/viscon/campusguessr/node_modules/next/dist/server/lib/router-server.js:350:24)
    at async requestHandlerImpl (/home/viscon/campusguessr/node_modules/next/dist/server/lib/router-server.js:374:13)
    at async Server.requestListener (/home/viscon/campusguessr/node_modules/next/dist/server/lib/start-server.js:141:13) {
  length: 282,
  severity: 'ERROR',
  code: '23514',
  detail: 'Failing row contains (89, sdfsaf, $2b$10$q1oU/hEl.i7jobR2kPY0DuVI5DP9KESfhgRFtuBrZhE2vFTZIdvK2, 0, 0, 0, 5, 0).',
  hint: undefined,
  position: undefined,
  internalPosition: undefined,
  internalQuery: undefined,
  where: undefined,
  schema: 'public',
  table: 'users',
  column: undefined,
  dataType: undefined,
  constraint: 'users_name_check',
  file: 'execMain.c',
  line: '2055',
  routine: 'ExecConstraints'
}
 POST /api/loginOrRegister 500 in 116ms
Database error: error: new row for relation "users" violates check constraint "users_name_check"
    at /home/viscon/campusguessr/node_modules/pg-pool/index.js:45:11
    at process.processTicksAndRejections (node:internal/process/task_queues:95:5)
    at async handler (webpack-internal:///(api)/./pages/api/loginOrRegister.js:37:13)
    at async K (/home/viscon/campusguessr/node_modules/next/dist/compiled/next-server/pages-api.runtime.dev.js:21:2871)
    at async U.render (/home/viscon/campusguessr/node_modules/next/dist/compiled/next-server/pages-api.runtime.dev.js:21:3955)
    at async DevServer.runApi (/home/viscon/campusguessr/node_modules/next/dist/server/next-server.js:598:9)
    at async NextNodeServer.handleCatchallRenderRequest (/home/viscon/campusguessr/node_modules/next/dist/server/next-server.js:269:37)
    at async DevServer.handleRequestImpl (/home/viscon/campusguessr/node_modules/next/dist/server/base-server.js:817:17)
    at async /home/viscon/campusguessr/node_modules/next/dist/server/dev/next-dev-server.js:339:20
    at async Span.traceAsyncFn (/home/viscon/campusguessr/node_modules/next/dist/trace/trace.js:154:20)
    at async DevServer.handleRequest (/home/viscon/campusguessr/node_modules/next/dist/server/dev/next-dev-server.js:336:24)
    at async invokeRender (/home/viscon/campusguessr/node_modules/next/dist/server/lib/router-server.js:173:21)
    at async handleRequest (/home/viscon/campusguessr/node_modules/next/dist/server/lib/router-server.js:350:24)
    at async requestHandlerImpl (/home/viscon/campusguessr/node_modules/next/dist/server/lib/router-server.js:374:13)
    at async Server.requestListener (/home/viscon/campusguessr/node_modules/next/dist/server/lib/start-server.js:141:13) {
  length: 282,
  severity: 'ERROR',
  code: '23514',
  detail: 'Failing row contains (90, sdfsaf, $2b$10$.oUM2x5jkCimiIBgr43L/uY.FsdEpRUHK4SXO9C/isEpbF6wa8g2C, 0, 0, 0, 5, 0).',
  hint: undefined,
  position: undefined,
  internalPosition: undefined,
  internalQuery: undefined,
  where: undefined,
  schema: 'public',
  table: 'users',
  column: undefined,
  dataType: undefined,
  constraint: 'users_name_check',
  file: 'execMain.c',
  line: '2055',
  routine: 'ExecConstraints'
}
 POST /api/loginOrRegister 500 in 123ms
Database error: error: new row for relation "users" violates check constraint "users_name_check"
    at /home/viscon/campusguessr/node_modules/pg-pool/index.js:45:11
    at process.processTicksAndRejections (node:internal/process/task_queues:95:5)
    at async handler (webpack-internal:///(api)/./pages/api/loginOrRegister.js:37:13)
    at async K (/home/viscon/campusguessr/node_modules/next/dist/compiled/next-server/pages-api.runtime.dev.js:21:2871)
    at async U.render (/home/viscon/campusguessr/node_modules/next/dist/compiled/next-server/pages-api.runtime.dev.js:21:3955)
    at async DevServer.runApi (/home/viscon/campusguessr/node_modules/next/dist/server/next-server.js:598:9)
    at async NextNodeServer.handleCatchallRenderRequest (/home/viscon/campusguessr/node_modules/next/dist/server/next-server.js:269:37)
    at async DevServer.handleRequestImpl (/home/viscon/campusguessr/node_modules/next/dist/server/base-server.js:817:17)
    at async /home/viscon/campusguessr/node_modules/next/dist/server/dev/next-dev-server.js:339:20
    at async Span.traceAsyncFn (/home/viscon/campusguessr/node_modules/next/dist/trace/trace.js:154:20)
    at async DevServer.handleRequest (/home/viscon/campusguessr/node_modules/next/dist/server/dev/next-dev-server.js:336:24)
    at async invokeRender (/home/viscon/campusguessr/node_modules/next/dist/server/lib/router-server.js:173:21)
    at async handleRequest (/home/viscon/campusguessr/node_modules/next/dist/server/lib/router-server.js:350:24)
    at async requestHandlerImpl (/home/viscon/campusguessr/node_modules/next/dist/server/lib/router-server.js:374:13)
    at async Server.requestListener (/home/viscon/campusguessr/node_modules/next/dist/server/lib/start-server.js:141:13) {
  length: 282,
  severity: 'ERROR',
  code: '23514',
  detail: 'Failing row contains (91, sdfsaf, $2b$10$BCMwmVjSc0VvzCzX7tEr..UiNxhT6eoyG0G6liz.ib7.jrz.cnl9C, 0, 0, 0, 5, 0).',
  hint: undefined,
  position: undefined,
  internalPosition: undefined,
  internalQuery: undefined,
  where: undefined,
  schema: 'public',
  table: 'users',
  column: undefined,
  dataType: undefined,
  constraint: 'users_name_check',
  file: 'execMain.c',
  line: '2055',
  routine: 'ExecConstraints'
}
 POST /api/loginOrRegister 500 in 109ms
Database error: error: new row for relation "users" violates check constraint "users_name_check"
    at /home/viscon/campusguessr/node_modules/pg-pool/index.js:45:11
    at process.processTicksAndRejections (node:internal/process/task_queues:95:5)
    at async handler (webpack-internal:///(api)/./pages/api/loginOrRegister.js:37:13)
    at async K (/home/viscon/campusguessr/node_modules/next/dist/compiled/next-server/pages-api.runtime.dev.js:21:2871)
    at async U.render (/home/viscon/campusguessr/node_modules/next/dist/compiled/next-server/pages-api.runtime.dev.js:21:3955)
    at async DevServer.runApi (/home/viscon/campusguessr/node_modules/next/dist/server/next-server.js:598:9)
    at async NextNodeServer.handleCatchallRenderRequest (/home/viscon/campusguessr/node_modules/next/dist/server/next-server.js:269:37)
    at async DevServer.handleRequestImpl (/home/viscon/campusguessr/node_modules/next/dist/server/base-server.js:817:17)
    at async /home/viscon/campusguessr/node_modules/next/dist/server/dev/next-dev-server.js:339:20
    at async Span.traceAsyncFn (/home/viscon/campusguessr/node_modules/next/dist/trace/trace.js:154:20)
    at async DevServer.handleRequest (/home/viscon/campusguessr/node_modules/next/dist/server/dev/next-dev-server.js:336:24)
    at async invokeRender (/home/viscon/campusguessr/node_modules/next/dist/server/lib/router-server.js:173:21)
    at async handleRequest (/home/viscon/campusguessr/node_modules/next/dist/server/lib/router-server.js:350:24)
    at async requestHandlerImpl (/home/viscon/campusguessr/node_modules/next/dist/server/lib/router-server.js:374:13)
    at async Server.requestListener (/home/viscon/campusguessr/node_modules/next/dist/server/lib/start-server.js:141:13) {
  length: 282,
  severity: 'ERROR',
  code: '23514',
  detail: 'Failing row contains (92, sdfsaf, $2b$10$I1zrQzpMr3hERbSO0S/lYeFKJKdp7OucPMQjnAGO0PDivILqy2Gcu, 0, 0, 0, 5, 0).',
  hint: undefined,
  position: undefined,
  internalPosition: undefined,
  internalQuery: undefined,
  where: undefined,
  schema: 'public',
  table: 'users',
  column: undefined,
  dataType: undefined,
  constraint: 'users_name_check',
  file: 'execMain.c',
  line: '2055',
  routine: 'ExecConstraints'
}
 POST /api/loginOrRegister 500 in 113ms
 POST /api/startRound 200 in 40ms
Database error: error: new row for relation "users" violates check constraint "users_name_check"
    at /home/viscon/campusguessr/node_modules/pg-pool/index.js:45:11
    at process.processTicksAndRejections (node:internal/process/task_queues:95:5)
    at async handler (webpack-internal:///(api)/./pages/api/loginOrRegister.js:37:13)
    at async K (/home/viscon/campusguessr/node_modules/next/dist/compiled/next-server/pages-api.runtime.dev.js:21:2871)
    at async U.render (/home/viscon/campusguessr/node_modules/next/dist/compiled/next-server/pages-api.runtime.dev.js:21:3955)
    at async DevServer.runApi (/home/viscon/campusguessr/node_modules/next/dist/server/next-server.js:598:9)
    at async NextNodeServer.handleCatchallRenderRequest (/home/viscon/campusguessr/node_modules/next/dist/server/next-server.js:269:37)
    at async DevServer.handleRequestImpl (/home/viscon/campusguessr/node_modules/next/dist/server/base-server.js:817:17)
    at async /home/viscon/campusguessr/node_modules/next/dist/server/dev/next-dev-server.js:339:20
    at async Span.traceAsyncFn (/home/viscon/campusguessr/node_modules/next/dist/trace/trace.js:154:20)
    at async DevServer.handleRequest (/home/viscon/campusguessr/node_modules/next/dist/server/dev/next-dev-server.js:336:24)
    at async invokeRender (/home/viscon/campusguessr/node_modules/next/dist/server/lib/router-server.js:173:21)
    at async handleRequest (/home/viscon/campusguessr/node_modules/next/dist/server/lib/router-server.js:350:24)
    at async requestHandlerImpl (/home/viscon/campusguessr/node_modules/next/dist/server/lib/router-server.js:374:13)
    at async Server.requestListener (/home/viscon/campusguessr/node_modules/next/dist/server/lib/start-server.js:141:13) {
  length: 282,
  severity: 'ERROR',
  code: '23514',
  detail: 'Failing row contains (93, sdfsaf, $2b$10$.XLcy1/sugsU67sbRZ51E.Vwrm1XG9NK.71oasPN.SqGdKFFDp6/e, 0, 0, 0, 5, 0).',
  hint: undefined,
  position: undefined,
  internalPosition: undefined,
  internalQuery: undefined,
  where: undefined,
  schema: 'public',
  table: 'users',
  column: undefined,
  dataType: undefined,
  constraint: 'users_name_check',
  file: 'execMain.c',
  line: '2055',
  routine: 'ExecConstraints'
}
 POST /api/loginOrRegister 500 in 126ms
 GET /api/getBuildings 200 in 5ms
 GET /api/getUsers 200 in 8ms
 GET /api/getUsers 304 in 7ms
 GET /api/getBuildings 200 in 3ms
 POST /api/submitGuess 200 in 53ms
 GET / 200 in 19ms
 GET / 200 in 15ms
 GET / 200 in 20ms
 GET / 200 in 38ms
 GET / 200 in 36ms
Database error: AggregateError [ECONNREFUSED]: 
    at /home/viscon/campusguessr/node_modules/pg-pool/index.js:45:11
    at process.processTicksAndRejections (node:internal/process/task_queues:95:5)
    at async handler (webpack-internal:///(api)/./pages/api/loginOrRegister.js:21:28)
    at async K (/home/viscon/campusguessr/node_modules/next/dist/compiled/next-server/pages-api.runtime.dev.js:21:2871)
    at async U.render (/home/viscon/campusguessr/node_modules/next/dist/compiled/next-server/pages-api.runtime.dev.js:21:3955)
    at async DevServer.runApi (/home/viscon/campusguessr/node_modules/next/dist/server/next-server.js:598:9)
    at async NextNodeServer.handleCatchallRenderRequest (/home/viscon/campusguessr/node_modules/next/dist/server/next-server.js:269:37)
    at async DevServer.handleRequestImpl (/home/viscon/campusguessr/node_modules/next/dist/server/base-server.js:817:17)
    at async /home/viscon/campusguessr/node_modules/next/dist/server/dev/next-dev-server.js:339:20
    at async Span.traceAsyncFn (/home/viscon/campusguessr/node_modules/next/dist/trace/trace.js:154:20)
    at async DevServer.handleRequest (/home/viscon/campusguessr/node_modules/next/dist/server/dev/next-dev-server.js:336:24)
    at async invokeRender (/home/viscon/campusguessr/node_modules/next/dist/server/lib/router-server.js:173:21)
    at async handleRequest (/home/viscon/campusguessr/node_modules/next/dist/server/lib/router-server.js:350:24)
    at async requestHandlerImpl (/home/viscon/campusguessr/node_modules/next/dist/server/lib/router-server.js:374:13)
    at async Server.requestListener (/home/viscon/campusguessr/node_modules/next/dist/server/lib/start-server.js:141:13) {
  code: 'ECONNREFUSED',
  [errors]: [
    Error: connect ECONNREFUSED ::1:5432
        at createConnectionError (node:net:1648:14)
        at afterConnectMultiple (node:net:1678:16) {
      errno: -111,
      code: 'ECONNREFUSED',
      syscall: 'connect',
      address: '::1',
      port: 5432
    },
    Error: connect ECONNREFUSED 127.0.0.1:5432
        at createConnectionError (node:net:1648:14)
        at afterConnectMultiple (node:net:1678:16) {
      errno: -111,
      code: 'ECONNREFUSED',
      syscall: 'connect',
      address: '127.0.0.1',
      port: 5432
    }
  ]
}
 POST /api/loginOrRegister 500 in 19ms
Database error: AggregateError [ECONNREFUSED]: 
    at /home/viscon/campusguessr/node_modules/pg-pool/index.js:45:11
    at process.processTicksAndRejections (node:internal/process/task_queues:95:5)
    at async handler (webpack-internal:///(api)/./pages/api/loginOrRegister.js:21:28)
    at async K (/home/viscon/campusguessr/node_modules/next/dist/compiled/next-server/pages-api.runtime.dev.js:21:2871)
    at async U.render (/home/viscon/campusguessr/node_modules/next/dist/compiled/next-server/pages-api.runtime.dev.js:21:3955)
    at async DevServer.runApi (/home/viscon/campusguessr/node_modules/next/dist/server/next-server.js:598:9)
    at async NextNodeServer.handleCatchallRenderRequest (/home/viscon/campusguessr/node_modules/next/dist/server/next-server.js:269:37)
    at async DevServer.handleRequestImpl (/home/viscon/campusguessr/node_modules/next/dist/server/base-server.js:817:17)
    at async /home/viscon/campusguessr/node_modules/next/dist/server/dev/next-dev-server.js:339:20
    at async Span.traceAsyncFn (/home/viscon/campusguessr/node_modules/next/dist/trace/trace.js:154:20)
    at async DevServer.handleRequest (/home/viscon/campusguessr/node_modules/next/dist/server/dev/next-dev-server.js:336:24)
    at async invokeRender (/home/viscon/campusguessr/node_modules/next/dist/server/lib/router-server.js:173:21)
    at async handleRequest (/home/viscon/campusguessr/node_modules/next/dist/server/lib/router-server.js:350:24)
    at async requestHandlerImpl (/home/viscon/campusguessr/node_modules/next/dist/server/lib/router-server.js:374:13)
    at async Server.requestListener (/home/viscon/campusguessr/node_modules/next/dist/server/lib/start-server.js:141:13) {
  code: 'ECONNREFUSED',
  [errors]: [
    Error: connect ECONNREFUSED ::1:5432
        at createConnectionError (node:net:1648:14)
        at afterConnectMultiple (node:net:1678:16) {
      errno: -111,
      code: 'ECONNREFUSED',
      syscall: 'connect',
      address: '::1',
      port: 5432
    },
    Error: connect ECONNREFUSED 127.0.0.1:5432
        at createConnectionError (node:net:1648:14)
        at afterConnectMultiple (node:net:1678:16) {
      errno: -111,
      code: 'ECONNREFUSED',
      syscall: 'connect',
      address: '127.0.0.1',
      port: 5432
    }
  ]
}
 POST /api/loginOrRegister 500 in 6ms
Database error: AggregateError [ECONNREFUSED]: 
    at /home/viscon/campusguessr/node_modules/pg-pool/index.js:45:11
    at process.processTicksAndRejections (node:internal/process/task_queues:95:5)
    at async handler (webpack-internal:///(api)/./pages/api/loginOrRegister.js:21:28)
    at async K (/home/viscon/campusguessr/node_modules/next/dist/compiled/next-server/pages-api.runtime.dev.js:21:2871)
    at async U.render (/home/viscon/campusguessr/node_modules/next/dist/compiled/next-server/pages-api.runtime.dev.js:21:3955)
    at async DevServer.runApi (/home/viscon/campusguessr/node_modules/next/dist/server/next-server.js:598:9)
    at async NextNodeServer.handleCatchallRenderRequest (/home/viscon/campusguessr/node_modules/next/dist/server/next-server.js:269:37)
    at async DevServer.handleRequestImpl (/home/viscon/campusguessr/node_modules/next/dist/server/base-server.js:817:17)
    at async /home/viscon/campusguessr/node_modules/next/dist/server/dev/next-dev-server.js:339:20
    at async Span.traceAsyncFn (/home/viscon/campusguessr/node_modules/next/dist/trace/trace.js:154:20)
    at async DevServer.handleRequest (/home/viscon/campusguessr/node_modules/next/dist/server/dev/next-dev-server.js:336:24)
    at async invokeRender (/home/viscon/campusguessr/node_modules/next/dist/server/lib/router-server.js:173:21)
    at async handleRequest (/home/viscon/campusguessr/node_modules/next/dist/server/lib/router-server.js:350:24)
    at async requestHandlerImpl (/home/viscon/campusguessr/node_modules/next/dist/server/lib/router-server.js:374:13)
    at async Server.requestListener (/home/viscon/campusguessr/node_modules/next/dist/server/lib/start-server.js:141:13) {
  code: 'ECONNREFUSED',
  [errors]: [
    Error: connect ECONNREFUSED ::1:5432
        at createConnectionError (node:net:1648:14)
        at afterConnectMultiple (node:net:1678:16) {
      errno: -111,
      code: 'ECONNREFUSED',
      syscall: 'connect',
      address: '::1',
      port: 5432
    },
    Error: connect ECONNREFUSED 127.0.0.1:5432
        at createConnectionError (node:net:1648:14)
        at afterConnectMultiple (node:net:1678:16) {
      errno: -111,
      code: 'ECONNREFUSED',
      syscall: 'connect',
      address: '127.0.0.1',
      port: 5432
    }
  ]
}
 POST /api/loginOrRegister 500 in 6ms
 GET /leaderboard 200 in 19ms
Database query error: AggregateError [ECONNREFUSED]: 
    at /home/viscon/campusguessr/node_modules/pg-pool/index.js:45:11
    at process.processTicksAndRejections (node:internal/process/task_queues:95:5)
    at async handler (webpack-internal:///(api)/./pages/api/getUsers.js:12:24)
    at async K (/home/viscon/campusguessr/node_modules/next/dist/compiled/next-server/pages-api.runtime.dev.js:21:2871)
    at async U.render (/home/viscon/campusguessr/node_modules/next/dist/compiled/next-server/pages-api.runtime.dev.js:21:3955)
    at async DevServer.runApi (/home/viscon/campusguessr/node_modules/next/dist/server/next-server.js:598:9)
    at async NextNodeServer.handleCatchallRenderRequest (/home/viscon/campusguessr/node_modules/next/dist/server/next-server.js:269:37)
    at async DevServer.handleRequestImpl (/home/viscon/campusguessr/node_modules/next/dist/server/base-server.js:817:17)
    at async /home/viscon/campusguessr/node_modules/next/dist/server/dev/next-dev-server.js:339:20
    at async Span.traceAsyncFn (/home/viscon/campusguessr/node_modules/next/dist/trace/trace.js:154:20)
    at async DevServer.handleRequest (/home/viscon/campusguessr/node_modules/next/dist/server/dev/next-dev-server.js:336:24)
    at async invokeRender (/home/viscon/campusguessr/node_modules/next/dist/server/lib/router-server.js:173:21)
    at async handleRequest (/home/viscon/campusguessr/node_modules/next/dist/server/lib/router-server.js:350:24)
    at async requestHandlerImpl (/home/viscon/campusguessr/node_modules/next/dist/server/lib/router-server.js:374:13)
    at async Server.requestListener (/home/viscon/campusguessr/node_modules/next/dist/server/lib/start-server.js:141:13) {
  code: 'ECONNREFUSED',
  [errors]: [
    Error: connect ECONNREFUSED ::1:5432
        at createConnectionError (node:net:1648:14)
        at afterConnectMultiple (node:net:1678:16) {
      errno: -111,
      code: 'ECONNREFUSED',
      syscall: 'connect',
      address: '::1',
      port: 5432
    },
    Error: connect ECONNREFUSED 127.0.0.1:5432
        at createConnectionError (node:net:1648:14)
        at afterConnectMultiple (node:net:1678:16) {
      errno: -111,
      code: 'ECONNREFUSED',
      syscall: 'connect',
      address: '127.0.0.1',
      port: 5432
    }
  ]
}
 GET /api/getUsers 500 in 7ms
 GET / 200 in 19ms
 GET /api/getBuildings 304 in 11ms
 GET /api/getFloors?building=HG 304 in 6ms
Database error: AggregateError [ECONNREFUSED]: 
    at /home/viscon/campusguessr/node_modules/pg-pool/index.js:45:11
    at process.processTicksAndRejections (node:internal/process/task_queues:95:5)
    at async handler (webpack-internal:///(api)/./pages/api/startRound.js:19:27)
    at async K (/home/viscon/campusguessr/node_modules/next/dist/compiled/next-server/pages-api.runtime.dev.js:21:2871)
    at async U.render (/home/viscon/campusguessr/node_modules/next/dist/compiled/next-server/pages-api.runtime.dev.js:21:3955)
    at async DevServer.runApi (/home/viscon/campusguessr/node_modules/next/dist/server/next-server.js:598:9)
    at async NextNodeServer.handleCatchallRenderRequest (/home/viscon/campusguessr/node_modules/next/dist/server/next-server.js:269:37)
    at async DevServer.handleRequestImpl (/home/viscon/campusguessr/node_modules/next/dist/server/base-server.js:817:17)
    at async /home/viscon/campusguessr/node_modules/next/dist/server/dev/next-dev-server.js:339:20
    at async Span.traceAsyncFn (/home/viscon/campusguessr/node_modules/next/dist/trace/trace.js:154:20)
    at async DevServer.handleRequest (/home/viscon/campusguessr/node_modules/next/dist/server/dev/next-dev-server.js:336:24)
    at async invokeRender (/home/viscon/campusguessr/node_modules/next/dist/server/lib/router-server.js:173:21)
    at async handleRequest (/home/viscon/campusguessr/node_modules/next/dist/server/lib/router-server.js:350:24)
    at async requestHandlerImpl (/home/viscon/campusguessr/node_modules/next/dist/server/lib/router-server.js:374:13)
    at async Server.requestListener (/home/viscon/campusguessr/node_modules/next/dist/server/lib/start-server.js:141:13) {
  code: 'ECONNREFUSED',
  [errors]: [
    Error: connect ECONNREFUSED ::1:5432
        at createConnectionError (node:net:1648:14)
        at afterConnectMultiple (node:net:1678:16) {
      errno: -111,
      code: 'ECONNREFUSED',
      syscall: 'connect',
      address: '::1',
      port: 5432
    },
    Error: connect ECONNREFUSED 127.0.0.1:5432
        at createConnectionError (node:net:1648:14)
        at afterConnectMultiple (node:net:1678:16) {
      errno: -111,
      code: 'ECONNREFUSED',
      syscall: 'connect',
      address: '127.0.0.1',
      port: 5432
    }
  ]
}
 POST /api/startRound 500 in 5ms
 GET /game?building=HG&floor=ALL 200 in 19ms
Database error: AggregateError [ECONNREFUSED]: 
    at /home/viscon/campusguessr/node_modules/pg-pool/index.js:45:11
    at process.processTicksAndRejections (node:internal/process/task_queues:95:5)
    at async handler (webpack-internal:///(api)/./pages/api/startRound.js:19:27)
    at async K (/home/viscon/campusguessr/node_modules/next/dist/compiled/next-server/pages-api.runtime.dev.js:21:2871)
    at async U.render (/home/viscon/campusguessr/node_modules/next/dist/compiled/next-server/pages-api.runtime.dev.js:21:3955)
    at async DevServer.runApi (/home/viscon/campusguessr/node_modules/next/dist/server/next-server.js:598:9)
    at async NextNodeServer.handleCatchallRenderRequest (/home/viscon/campusguessr/node_modules/next/dist/server/next-server.js:269:37)
    at async DevServer.handleRequestImpl (/home/viscon/campusguessr/node_modules/next/dist/server/base-server.js:817:17)
    at async /home/viscon/campusguessr/node_modules/next/dist/server/dev/next-dev-server.js:339:20
    at async Span.traceAsyncFn (/home/viscon/campusguessr/node_modules/next/dist/trace/trace.js:154:20)
    at async DevServer.handleRequest (/home/viscon/campusguessr/node_modules/next/dist/server/dev/next-dev-server.js:336:24)
    at async invokeRender (/home/viscon/campusguessr/node_modules/next/dist/server/lib/router-server.js:173:21)
    at async handleRequest (/home/viscon/campusguessr/node_modules/next/dist/server/lib/router-server.js:350:24)
    at async requestHandlerImpl (/home/viscon/campusguessr/node_modules/next/dist/server/lib/router-server.js:374:13)
    at async Server.requestListener (/home/viscon/campusguessr/node_modules/next/dist/server/lib/start-server.js:141:13) {
  code: 'ECONNREFUSED',
  [errors]: [
    Error: connect ECONNREFUSED ::1:5432
        at createConnectionError (node:net:1648:14)
        at afterConnectMultiple (node:net:1678:16) {
      errno: -111,
      code: 'ECONNREFUSED',
      syscall: 'connect',
      address: '::1',
      port: 5432
    },
    Error: connect ECONNREFUSED 127.0.0.1:5432
        at createConnectionError (node:net:1648:14)
        at afterConnectMultiple (node:net:1678:16) {
      errno: -111,
      code: 'ECONNREFUSED',
      syscall: 'connect',
      address: '127.0.0.1',
      port: 5432
    }
  ]
}
 POST /api/startRound 500 in 5ms
 GET / 200 in 32ms
Database error: AggregateError [ECONNREFUSED]: 
    at /home/viscon/campusguessr/node_modules/pg-pool/index.js:45:11
    at process.processTicksAndRejections (node:internal/process/task_queues:95:5)
    at async handler (webpack-internal:///(api)/./pages/api/loginOrRegister.js:21:28)
    at async K (/home/viscon/campusguessr/node_modules/next/dist/compiled/next-server/pages-api.runtime.dev.js:21:2871)
    at async U.render (/home/viscon/campusguessr/node_modules/next/dist/compiled/next-server/pages-api.runtime.dev.js:21:3955)
    at async DevServer.runApi (/home/viscon/campusguessr/node_modules/next/dist/server/next-server.js:598:9)
    at async NextNodeServer.handleCatchallRenderRequest (/home/viscon/campusguessr/node_modules/next/dist/server/next-server.js:269:37)
    at async DevServer.handleRequestImpl (/home/viscon/campusguessr/node_modules/next/dist/server/base-server.js:817:17)
    at async /home/viscon/campusguessr/node_modules/next/dist/server/dev/next-dev-server.js:339:20
    at async Span.traceAsyncFn (/home/viscon/campusguessr/node_modules/next/dist/trace/trace.js:154:20)
    at async DevServer.handleRequest (/home/viscon/campusguessr/node_modules/next/dist/server/dev/next-dev-server.js:336:24)
    at async invokeRender (/home/viscon/campusguessr/node_modules/next/dist/server/lib/router-server.js:173:21)
    at async handleRequest (/home/viscon/campusguessr/node_modules/next/dist/server/lib/router-server.js:350:24)
    at async requestHandlerImpl (/home/viscon/campusguessr/node_modules/next/dist/server/lib/router-server.js:374:13)
    at async Server.requestListener (/home/viscon/campusguessr/node_modules/next/dist/server/lib/start-server.js:141:13) {
  code: 'ECONNREFUSED',
  [errors]: [
    Error: connect ECONNREFUSED ::1:5432
        at createConnectionError (node:net:1648:14)
        at afterConnectMultiple (node:net:1678:16) {
      errno: -111,
      code: 'ECONNREFUSED',
      syscall: 'connect',
      address: '::1',
      port: 5432
    },
    Error: connect ECONNREFUSED 127.0.0.1:5432
        at createConnectionError (node:net:1648:14)
        at afterConnectMultiple (node:net:1678:16) {
      errno: -111,
      code: 'ECONNREFUSED',
      syscall: 'connect',
      address: '127.0.0.1',
      port: 5432
    }
  ]
}
 POST /api/loginOrRegister 500 in 11ms
Database error: AggregateError [ECONNREFUSED]: 
    at /home/viscon/campusguessr/node_modules/pg-pool/index.js:45:11
    at process.processTicksAndRejections (node:internal/process/task_queues:95:5)
    at async handler (webpack-internal:///(api)/./pages/api/loginOrRegister.js:21:28)
    at async K (/home/viscon/campusguessr/node_modules/next/dist/compiled/next-server/pages-api.runtime.dev.js:21:2871)
    at async U.render (/home/viscon/campusguessr/node_modules/next/dist/compiled/next-server/pages-api.runtime.dev.js:21:3955)
    at async DevServer.runApi (/home/viscon/campusguessr/node_modules/next/dist/server/next-server.js:598:9)
    at async NextNodeServer.handleCatchallRenderRequest (/home/viscon/campusguessr/node_modules/next/dist/server/next-server.js:269:37)
    at async DevServer.handleRequestImpl (/home/viscon/campusguessr/node_modules/next/dist/server/base-server.js:817:17)
    at async /home/viscon/campusguessr/node_modules/next/dist/server/dev/next-dev-server.js:339:20
    at async Span.traceAsyncFn (/home/viscon/campusguessr/node_modules/next/dist/trace/trace.js:154:20)
    at async DevServer.handleRequest (/home/viscon/campusguessr/node_modules/next/dist/server/dev/next-dev-server.js:336:24)
    at async invokeRender (/home/viscon/campusguessr/node_modules/next/dist/server/lib/router-server.js:173:21)
    at async handleRequest (/home/viscon/campusguessr/node_modules/next/dist/server/lib/router-server.js:350:24)
    at async requestHandlerImpl (/home/viscon/campusguessr/node_modules/next/dist/server/lib/router-server.js:374:13)
    at async Server.requestListener (/home/viscon/campusguessr/node_modules/next/dist/server/lib/start-server.js:141:13) {
  code: 'ECONNREFUSED',
  [errors]: [
    Error: connect ECONNREFUSED ::1:5432
        at createConnectionError (node:net:1648:14)
        at afterConnectMultiple (node:net:1678:16) {
      errno: -111,
      code: 'ECONNREFUSED',
      syscall: 'connect',
      address: '::1',
      port: 5432
    },
    Error: connect ECONNREFUSED 127.0.0.1:5432
        at createConnectionError (node:net:1648:14)
        at afterConnectMultiple (node:net:1678:16) {
      errno: -111,
      code: 'ECONNREFUSED',
      syscall: 'connect',
      address: '127.0.0.1',
      port: 5432
    }
  ]
}
 POST /api/loginOrRegister 500 in 8ms
Database error: AggregateError [ECONNREFUSED]: 
    at /home/viscon/campusguessr/node_modules/pg-pool/index.js:45:11
    at process.processTicksAndRejections (node:internal/process/task_queues:95:5)
    at async handler (webpack-internal:///(api)/./pages/api/loginOrRegister.js:21:28)
    at async K (/home/viscon/campusguessr/node_modules/next/dist/compiled/next-server/pages-api.runtime.dev.js:21:2871)
    at async U.render (/home/viscon/campusguessr/node_modules/next/dist/compiled/next-server/pages-api.runtime.dev.js:21:3955)
    at async DevServer.runApi (/home/viscon/campusguessr/node_modules/next/dist/server/next-server.js:598:9)
    at async NextNodeServer.handleCatchallRenderRequest (/home/viscon/campusguessr/node_modules/next/dist/server/next-server.js:269:37)
    at async DevServer.handleRequestImpl (/home/viscon/campusguessr/node_modules/next/dist/server/base-server.js:817:17)
    at async /home/viscon/campusguessr/node_modules/next/dist/server/dev/next-dev-server.js:339:20
    at async Span.traceAsyncFn (/home/viscon/campusguessr/node_modules/next/dist/trace/trace.js:154:20)
    at async DevServer.handleRequest (/home/viscon/campusguessr/node_modules/next/dist/server/dev/next-dev-server.js:336:24)
    at async invokeRender (/home/viscon/campusguessr/node_modules/next/dist/server/lib/router-server.js:173:21)
    at async handleRequest (/home/viscon/campusguessr/node_modules/next/dist/server/lib/router-server.js:350:24)
    at async requestHandlerImpl (/home/viscon/campusguessr/node_modules/next/dist/server/lib/router-server.js:374:13)
    at async Server.requestListener (/home/viscon/campusguessr/node_modules/next/dist/server/lib/start-server.js:141:13) {
  code: 'ECONNREFUSED',
  [errors]: [
    Error: connect ECONNREFUSED ::1:5432
        at createConnectionError (node:net:1648:14)
        at afterConnectMultiple (node:net:1678:16) {
      errno: -111,
      code: 'ECONNREFUSED',
      syscall: 'connect',
      address: '::1',
      port: 5432
    },
    Error: connect ECONNREFUSED 127.0.0.1:5432
        at createConnectionError (node:net:1648:14)
        at afterConnectMultiple (node:net:1678:16) {
      errno: -111,
      code: 'ECONNREFUSED',
      syscall: 'connect',
      address: '127.0.0.1',
      port: 5432
    }
  ]
}
 POST /api/loginOrRegister 500 in 7ms
Database error: AggregateError [ECONNREFUSED]: 
    at /home/viscon/campusguessr/node_modules/pg-pool/index.js:45:11
    at process.processTicksAndRejections (node:internal/process/task_queues:95:5)
    at async handler (webpack-internal:///(api)/./pages/api/loginOrRegister.js:21:28)
    at async K (/home/viscon/campusguessr/node_modules/next/dist/compiled/next-server/pages-api.runtime.dev.js:21:2871)
    at async U.render (/home/viscon/campusguessr/node_modules/next/dist/compiled/next-server/pages-api.runtime.dev.js:21:3955)
    at async DevServer.runApi (/home/viscon/campusguessr/node_modules/next/dist/server/next-server.js:598:9)
    at async NextNodeServer.handleCatchallRenderRequest (/home/viscon/campusguessr/node_modules/next/dist/server/next-server.js:269:37)
    at async DevServer.handleRequestImpl (/home/viscon/campusguessr/node_modules/next/dist/server/base-server.js:817:17)
    at async /home/viscon/campusguessr/node_modules/next/dist/server/dev/next-dev-server.js:339:20
    at async Span.traceAsyncFn (/home/viscon/campusguessr/node_modules/next/dist/trace/trace.js:154:20)
    at async DevServer.handleRequest (/home/viscon/campusguessr/node_modules/next/dist/server/dev/next-dev-server.js:336:24)
    at async invokeRender (/home/viscon/campusguessr/node_modules/next/dist/server/lib/router-server.js:173:21)
    at async handleRequest (/home/viscon/campusguessr/node_modules/next/dist/server/lib/router-server.js:350:24)
    at async requestHandlerImpl (/home/viscon/campusguessr/node_modules/next/dist/server/lib/router-server.js:374:13)
    at async Server.requestListener (/home/viscon/campusguessr/node_modules/next/dist/server/lib/start-server.js:141:13) {
  code: 'ECONNREFUSED',
  [errors]: [
    Error: connect ECONNREFUSED ::1:5432
        at createConnectionError (node:net:1648:14)
        at afterConnectMultiple (node:net:1678:16) {
      errno: -111,
      code: 'ECONNREFUSED',
      syscall: 'connect',
      address: '::1',
      port: 5432
    },
    Error: connect ECONNREFUSED 127.0.0.1:5432
        at createConnectionError (node:net:1648:14)
        at afterConnectMultiple (node:net:1678:16) {
      errno: -111,
      code: 'ECONNREFUSED',
      syscall: 'connect',
      address: '127.0.0.1',
      port: 5432
    }
  ]
}
 POST /api/loginOrRegister 500 in 7ms
 GET / 200 in 16ms
Database error: AggregateError [ECONNREFUSED]: 
    at /home/viscon/campusguessr/node_modules/pg-pool/index.js:45:11
    at process.processTicksAndRejections (node:internal/process/task_queues:95:5)
    at async handler (webpack-internal:///(api)/./pages/api/loginOrRegister.js:21:28)
    at async K (/home/viscon/campusguessr/node_modules/next/dist/compiled/next-server/pages-api.runtime.dev.js:21:2871)
    at async U.render (/home/viscon/campusguessr/node_modules/next/dist/compiled/next-server/pages-api.runtime.dev.js:21:3955)
    at async DevServer.runApi (/home/viscon/campusguessr/node_modules/next/dist/server/next-server.js:598:9)
    at async NextNodeServer.handleCatchallRenderRequest (/home/viscon/campusguessr/node_modules/next/dist/server/next-server.js:269:37)
    at async DevServer.handleRequestImpl (/home/viscon/campusguessr/node_modules/next/dist/server/base-server.js:817:17)
    at async /home/viscon/campusguessr/node_modules/next/dist/server/dev/next-dev-server.js:339:20
    at async Span.traceAsyncFn (/home/viscon/campusguessr/node_modules/next/dist/trace/trace.js:154:20)
    at async DevServer.handleRequest (/home/viscon/campusguessr/node_modules/next/dist/server/dev/next-dev-server.js:336:24)
    at async invokeRender (/home/viscon/campusguessr/node_modules/next/dist/server/lib/router-server.js:173:21)
    at async handleRequest (/home/viscon/campusguessr/node_modules/next/dist/server/lib/router-server.js:350:24)
    at async requestHandlerImpl (/home/viscon/campusguessr/node_modules/next/dist/server/lib/router-server.js:374:13)
    at async Server.requestListener (/home/viscon/campusguessr/node_modules/next/dist/server/lib/start-server.js:141:13) {
  code: 'ECONNREFUSED',
  [errors]: [
    Error: connect ECONNREFUSED ::1:5432
        at createConnectionError (node:net:1648:14)
        at afterConnectMultiple (node:net:1678:16) {
      errno: -111,
      code: 'ECONNREFUSED',
      syscall: 'connect',
      address: '::1',
      port: 5432
    },
    Error: connect ECONNREFUSED 127.0.0.1:5432
        at createConnectionError (node:net:1648:14)
        at afterConnectMultiple (node:net:1678:16) {
      errno: -111,
      code: 'ECONNREFUSED',
      syscall: 'connect',
      address: '127.0.0.1',
      port: 5432
    }
  ]
}
 POST /api/loginOrRegister 500 in 5ms
 ○ Compiling /test ...
 ✓ Compiled /test in 594ms (395 modules)
 GET /test 200 in 655ms
 ✓ Compiled /api/getUsers in 83ms (129 modules)
Database query error: AggregateError [ECONNREFUSED]: 
    at /home/viscon/campusguessr/node_modules/pg-pool/index.js:45:11
    at process.processTicksAndRejections (node:internal/process/task_queues:95:5)
    at async handler (webpack-internal:///(api)/./pages/api/getUsers.js:12:24)
    at async K (/home/viscon/campusguessr/node_modules/next/dist/compiled/next-server/pages-api.runtime.dev.js:21:2871)
    at async U.render (/home/viscon/campusguessr/node_modules/next/dist/compiled/next-server/pages-api.runtime.dev.js:21:3955)
    at async DevServer.runApi (/home/viscon/campusguessr/node_modules/next/dist/server/next-server.js:598:9)
    at async NextNodeServer.handleCatchallRenderRequest (/home/viscon/campusguessr/node_modules/next/dist/server/next-server.js:269:37)
    at async DevServer.handleRequestImpl (/home/viscon/campusguessr/node_modules/next/dist/server/base-server.js:817:17)
    at async /home/viscon/campusguessr/node_modules/next/dist/server/dev/next-dev-server.js:339:20
    at async Span.traceAsyncFn (/home/viscon/campusguessr/node_modules/next/dist/trace/trace.js:154:20)
    at async DevServer.handleRequest (/home/viscon/campusguessr/node_modules/next/dist/server/dev/next-dev-server.js:336:24)
    at async invokeRender (/home/viscon/campusguessr/node_modules/next/dist/server/lib/router-server.js:173:21)
    at async handleRequest (/home/viscon/campusguessr/node_modules/next/dist/server/lib/router-server.js:350:24)
    at async requestHandlerImpl (/home/viscon/campusguessr/node_modules/next/dist/server/lib/router-server.js:374:13)
    at async Server.requestListener (/home/viscon/campusguessr/node_modules/next/dist/server/lib/start-server.js:141:13) {
  code: 'ECONNREFUSED',
  [errors]: [
    Error: connect ECONNREFUSED ::1:5432
        at createConnectionError (node:net:1648:14)
        at afterConnectMultiple (node:net:1678:16) {
      errno: -111,
      code: 'ECONNREFUSED',
      syscall: 'connect',
      address: '::1',
      port: 5432
    },
    Error: connect ECONNREFUSED 127.0.0.1:5432
        at createConnectionError (node:net:1648:14)
        at afterConnectMultiple (node:net:1678:16) {
      errno: -111,
      code: 'ECONNREFUSED',
      syscall: 'connect',
      address: '127.0.0.1',
      port: 5432
    }
  ]
}
 GET /api/getUsers 500 in 95ms
 GET / 200 in 48ms
 GET /game?building=HG&floor=ALL 200 in 26ms
 ✓ Compiled /api/startRound in 99ms (131 modules)
Database error: AggregateError [ECONNREFUSED]: 
    at /home/viscon/campusguessr/node_modules/pg-pool/index.js:45:11
    at process.processTicksAndRejections (node:internal/process/task_queues:95:5)
    at async handler (webpack-internal:///(api)/./pages/api/startRound.js:19:27)
    at async K (/home/viscon/campusguessr/node_modules/next/dist/compiled/next-server/pages-api.runtime.dev.js:21:2871)
    at async U.render (/home/viscon/campusguessr/node_modules/next/dist/compiled/next-server/pages-api.runtime.dev.js:21:3955)
    at async DevServer.runApi (/home/viscon/campusguessr/node_modules/next/dist/server/next-server.js:598:9)
    at async NextNodeServer.handleCatchallRenderRequest (/home/viscon/campusguessr/node_modules/next/dist/server/next-server.js:269:37)
    at async DevServer.handleRequestImpl (/home/viscon/campusguessr/node_modules/next/dist/server/base-server.js:817:17)
    at async /home/viscon/campusguessr/node_modules/next/dist/server/dev/next-dev-server.js:339:20
    at async Span.traceAsyncFn (/home/viscon/campusguessr/node_modules/next/dist/trace/trace.js:154:20)
    at async DevServer.handleRequest (/home/viscon/campusguessr/node_modules/next/dist/server/dev/next-dev-server.js:336:24)
    at async invokeRender (/home/viscon/campusguessr/node_modules/next/dist/server/lib/router-server.js:173:21)
    at async handleRequest (/home/viscon/campusguessr/node_modules/next/dist/server/lib/router-server.js:350:24)
    at async requestHandlerImpl (/home/viscon/campusguessr/node_modules/next/dist/server/lib/router-server.js:374:13)
    at async Server.requestListener (/home/viscon/campusguessr/node_modules/next/dist/server/lib/start-server.js:141:13) {
  code: 'ECONNREFUSED',
  [errors]: [
    Error: connect ECONNREFUSED ::1:5432
        at createConnectionError (node:net:1648:14)
        at afterConnectMultiple (node:net:1678:16) {
      errno: -111,
      code: 'ECONNREFUSED',
      syscall: 'connect',
      address: '::1',
      port: 5432
    },
    Error: connect ECONNREFUSED 127.0.0.1:5432
        at createConnectionError (node:net:1648:14)
        at afterConnectMultiple (node:net:1678:16) {
      errno: -111,
      code: 'ECONNREFUSED',
      syscall: 'connect',
      address: '127.0.0.1',
      port: 5432
    }
  ]
}
 POST /api/startRound 500 in 113ms
 GET / 200 in 50ms
Database error: AggregateError [ECONNREFUSED]: 
    at /home/viscon/campusguessr/node_modules/pg-pool/index.js:45:11
    at process.processTicksAndRejections (node:internal/process/task_queues:95:5)
    at async handler (webpack-internal:///(api)/./pages/api/loginOrRegister.js:21:28)
    at async K (/home/viscon/campusguessr/node_modules/next/dist/compiled/next-server/pages-api.runtime.dev.js:21:2871)
    at async U.render (/home/viscon/campusguessr/node_modules/next/dist/compiled/next-server/pages-api.runtime.dev.js:21:3955)
    at async DevServer.runApi (/home/viscon/campusguessr/node_modules/next/dist/server/next-server.js:598:9)
    at async NextNodeServer.handleCatchallRenderRequest (/home/viscon/campusguessr/node_modules/next/dist/server/next-server.js:269:37)
    at async DevServer.handleRequestImpl (/home/viscon/campusguessr/node_modules/next/dist/server/base-server.js:817:17)
    at async /home/viscon/campusguessr/node_modules/next/dist/server/dev/next-dev-server.js:339:20
    at async Span.traceAsyncFn (/home/viscon/campusguessr/node_modules/next/dist/trace/trace.js:154:20)
    at async DevServer.handleRequest (/home/viscon/campusguessr/node_modules/next/dist/server/dev/next-dev-server.js:336:24)
    at async invokeRender (/home/viscon/campusguessr/node_modules/next/dist/server/lib/router-server.js:173:21)
    at async handleRequest (/home/viscon/campusguessr/node_modules/next/dist/server/lib/router-server.js:350:24)
    at async requestHandlerImpl (/home/viscon/campusguessr/node_modules/next/dist/server/lib/router-server.js:374:13)
    at async Server.requestListener (/home/viscon/campusguessr/node_modules/next/dist/server/lib/start-server.js:141:13) {
  code: 'ECONNREFUSED',
  [errors]: [
    Error: connect ECONNREFUSED ::1:5432
        at createConnectionError (node:net:1648:14)
        at afterConnectMultiple (node:net:1678:16) {
      errno: -111,
      code: 'ECONNREFUSED',
      syscall: 'connect',
      address: '::1',
      port: 5432
    },
    Error: connect ECONNREFUSED 127.0.0.1:5432
        at createConnectionError (node:net:1648:14)
        at afterConnectMultiple (node:net:1678:16) {
      errno: -111,
      code: 'ECONNREFUSED',
      syscall: 'connect',
      address: '127.0.0.1',
      port: 5432
    }
  ]
}
 POST /api/loginOrRegister 500 in 24ms
 GET / 200 in 45ms
 GET / 200 in 26ms
 GET / 200 in 29ms
 ○ Compiling /select ...
 ✓ Compiled /select in 555ms (422 modules)
 ✓ Compiled /api/getBuildings in 123ms (170 modules)
 GET /api/getBuildings 304 in 154ms
 ✓ Compiled /api/getFloors in 259ms (172 modules)
 GET /api/getFloors?building=HG 304 in 280ms
 ✓ Compiled /api/startRound in 105ms (174 modules)
Database error: AggregateError [ECONNREFUSED]: 
    at /home/viscon/campusguessr/node_modules/pg-pool/index.js:45:11
    at process.processTicksAndRejections (node:internal/process/task_queues:95:5)
    at async handler (webpack-internal:///(api)/./pages/api/startRound.js:19:27)
    at async K (/home/viscon/campusguessr/node_modules/next/dist/compiled/next-server/pages-api.runtime.dev.js:21:2871)
    at async U.render (/home/viscon/campusguessr/node_modules/next/dist/compiled/next-server/pages-api.runtime.dev.js:21:3955)
    at async DevServer.runApi (/home/viscon/campusguessr/node_modules/next/dist/server/next-server.js:598:9)
    at async NextNodeServer.handleCatchallRenderRequest (/home/viscon/campusguessr/node_modules/next/dist/server/next-server.js:269:37)
    at async DevServer.handleRequestImpl (/home/viscon/campusguessr/node_modules/next/dist/server/base-server.js:817:17)
    at async /home/viscon/campusguessr/node_modules/next/dist/server/dev/next-dev-server.js:339:20
    at async Span.traceAsyncFn (/home/viscon/campusguessr/node_modules/next/dist/trace/trace.js:154:20)
    at async DevServer.handleRequest (/home/viscon/campusguessr/node_modules/next/dist/server/dev/next-dev-server.js:336:24)
    at async invokeRender (/home/viscon/campusguessr/node_modules/next/dist/server/lib/router-server.js:173:21)
    at async handleRequest (/home/viscon/campusguessr/node_modules/next/dist/server/lib/router-server.js:350:24)
    at async requestHandlerImpl (/home/viscon/campusguessr/node_modules/next/dist/server/lib/router-server.js:374:13)
    at async Server.requestListener (/home/viscon/campusguessr/node_modules/next/dist/server/lib/start-server.js:141:13) {
  code: 'ECONNREFUSED',
  [errors]: [
    Error: connect ECONNREFUSED ::1:5432
        at createConnectionError (node:net:1648:14)
        at afterConnectMultiple (node:net:1678:16) {
      errno: -111,
      code: 'ECONNREFUSED',
      syscall: 'connect',
      address: '::1',
      port: 5432
    },
    Error: connect ECONNREFUSED 127.0.0.1:5432
        at createConnectionError (node:net:1648:14)
        at afterConnectMultiple (node:net:1678:16) {
      errno: -111,
      code: 'ECONNREFUSED',
      syscall: 'connect',
      address: '127.0.0.1',
      port: 5432
    }
  ]
}
 POST /api/startRound 500 in 123ms
 GET / 200 in 110ms
 GET /api/getBuildings 304 in 10ms
 GET /api/getFloors?building=HG 200 in 8ms
Database error: AggregateError [ECONNREFUSED]: 
    at /home/viscon/campusguessr/node_modules/pg-pool/index.js:45:11
    at process.processTicksAndRejections (node:internal/process/task_queues:95:5)
    at async handler (webpack-internal:///(api)/./pages/api/startRound.js:19:27)
    at async K (/home/viscon/campusguessr/node_modules/next/dist/compiled/next-server/pages-api.runtime.dev.js:21:2871)
    at async U.render (/home/viscon/campusguessr/node_modules/next/dist/compiled/next-server/pages-api.runtime.dev.js:21:3955)
    at async DevServer.runApi (/home/viscon/campusguessr/node_modules/next/dist/server/next-server.js:598:9)
    at async NextNodeServer.handleCatchallRenderRequest (/home/viscon/campusguessr/node_modules/next/dist/server/next-server.js:269:37)
    at async DevServer.handleRequestImpl (/home/viscon/campusguessr/node_modules/next/dist/server/base-server.js:817:17)
    at async /home/viscon/campusguessr/node_modules/next/dist/server/dev/next-dev-server.js:339:20
    at async Span.traceAsyncFn (/home/viscon/campusguessr/node_modules/next/dist/trace/trace.js:154:20)
    at async DevServer.handleRequest (/home/viscon/campusguessr/node_modules/next/dist/server/dev/next-dev-server.js:336:24)
    at async invokeRender (/home/viscon/campusguessr/node_modules/next/dist/server/lib/router-server.js:173:21)
    at async handleRequest (/home/viscon/campusguessr/node_modules/next/dist/server/lib/router-server.js:350:24)
    at async requestHandlerImpl (/home/viscon/campusguessr/node_modules/next/dist/server/lib/router-server.js:374:13)
    at async Server.requestListener (/home/viscon/campusguessr/node_modules/next/dist/server/lib/start-server.js:141:13) {
  code: 'ECONNREFUSED',
  [errors]: [
    Error: connect ECONNREFUSED ::1:5432
        at createConnectionError (node:net:1648:14)
        at afterConnectMultiple (node:net:1678:16) {
      errno: -111,
      code: 'ECONNREFUSED',
      syscall: 'connect',
      address: '::1',
      port: 5432
    },
    Error: connect ECONNREFUSED 127.0.0.1:5432
        at createConnectionError (node:net:1648:14)
        at afterConnectMultiple (node:net:1678:16) {
      errno: -111,
      code: 'ECONNREFUSED',
      syscall: 'connect',
      address: '127.0.0.1',
      port: 5432
    }
  ]
}
 POST /api/startRound 500 in 11ms

Could not open game.jsx in the editor.
The editor process exited with an error: Terminal editors can only be used on macOS.

To set up the editor integration, add something like REACT_EDITOR=atom to the .env.local file in your project folder and restart the development server.

 GET / 200 in 43ms
 GET / 200 in 40ms
 GET / 200 in 29ms
 GET /api/getBuildings 304 in 11ms
 GET /api/getFloors?building=HG 304 in 4ms
Database error: AggregateError [ECONNREFUSED]: 
    at /home/viscon/campusguessr/node_modules/pg-pool/index.js:45:11
    at process.processTicksAndRejections (node:internal/process/task_queues:95:5)
    at async handler (webpack-internal:///(api)/./pages/api/startRound.js:19:27)
    at async K (/home/viscon/campusguessr/node_modules/next/dist/compiled/next-server/pages-api.runtime.dev.js:21:2871)
    at async U.render (/home/viscon/campusguessr/node_modules/next/dist/compiled/next-server/pages-api.runtime.dev.js:21:3955)
    at async DevServer.runApi (/home/viscon/campusguessr/node_modules/next/dist/server/next-server.js:598:9)
    at async NextNodeServer.handleCatchallRenderRequest (/home/viscon/campusguessr/node_modules/next/dist/server/next-server.js:269:37)
    at async DevServer.handleRequestImpl (/home/viscon/campusguessr/node_modules/next/dist/server/base-server.js:817:17)
    at async /home/viscon/campusguessr/node_modules/next/dist/server/dev/next-dev-server.js:339:20
    at async Span.traceAsyncFn (/home/viscon/campusguessr/node_modules/next/dist/trace/trace.js:154:20)
    at async DevServer.handleRequest (/home/viscon/campusguessr/node_modules/next/dist/server/dev/next-dev-server.js:336:24)
    at async invokeRender (/home/viscon/campusguessr/node_modules/next/dist/server/lib/router-server.js:173:21)
    at async handleRequest (/home/viscon/campusguessr/node_modules/next/dist/server/lib/router-server.js:350:24)
    at async requestHandlerImpl (/home/viscon/campusguessr/node_modules/next/dist/server/lib/router-server.js:374:13)
    at async Server.requestListener (/home/viscon/campusguessr/node_modules/next/dist/server/lib/start-server.js:141:13) {
  code: 'ECONNREFUSED',
  [errors]: [
    Error: connect ECONNREFUSED ::1:5432
        at createConnectionError (node:net:1648:14)
        at afterConnectMultiple (node:net:1678:16) {
      errno: -111,
      code: 'ECONNREFUSED',
      syscall: 'connect',
      address: '::1',
      port: 5432
    },
    Error: connect ECONNREFUSED 127.0.0.1:5432
        at createConnectionError (node:net:1648:14)
        at afterConnectMultiple (node:net:1678:16) {
      errno: -111,
      code: 'ECONNREFUSED',
      syscall: 'connect',
      address: '127.0.0.1',
      port: 5432
    }
  ]
}
 POST /api/startRound 500 in 6ms
 ○ Compiling /test ...
 ✓ Compiled /test in 621ms (417 modules)
 GET /test 200 in 749ms
 ✓ Compiled /api/getUsers in 114ms (169 modules)
Database query error: AggregateError [ECONNREFUSED]: 
    at /home/viscon/campusguessr/node_modules/pg-pool/index.js:45:11
    at process.processTicksAndRejections (node:internal/process/task_queues:95:5)
    at async handler (webpack-internal:///(api)/./pages/api/getUsers.js:12:24)
    at async K (/home/viscon/campusguessr/node_modules/next/dist/compiled/next-server/pages-api.runtime.dev.js:21:2871)
    at async U.render (/home/viscon/campusguessr/node_modules/next/dist/compiled/next-server/pages-api.runtime.dev.js:21:3955)
    at async DevServer.runApi (/home/viscon/campusguessr/node_modules/next/dist/server/next-server.js:598:9)
    at async NextNodeServer.handleCatchallRenderRequest (/home/viscon/campusguessr/node_modules/next/dist/server/next-server.js:269:37)
    at async DevServer.handleRequestImpl (/home/viscon/campusguessr/node_modules/next/dist/server/base-server.js:817:17)
    at async /home/viscon/campusguessr/node_modules/next/dist/server/dev/next-dev-server.js:339:20
    at async Span.traceAsyncFn (/home/viscon/campusguessr/node_modules/next/dist/trace/trace.js:154:20)
    at async DevServer.handleRequest (/home/viscon/campusguessr/node_modules/next/dist/server/dev/next-dev-server.js:336:24)
    at async invokeRender (/home/viscon/campusguessr/node_modules/next/dist/server/lib/router-server.js:173:21)
    at async handleRequest (/home/viscon/campusguessr/node_modules/next/dist/server/lib/router-server.js:350:24)
    at async requestHandlerImpl (/home/viscon/campusguessr/node_modules/next/dist/server/lib/router-server.js:374:13)
    at async Server.requestListener (/home/viscon/campusguessr/node_modules/next/dist/server/lib/start-server.js:141:13) {
  code: 'ECONNREFUSED',
  [errors]: [
    Error: connect ECONNREFUSED ::1:5432
        at createConnectionError (node:net:1648:14)
        at afterConnectMultiple (node:net:1678:16) {
      errno: -111,
      code: 'ECONNREFUSED',
      syscall: 'connect',
      address: '::1',
      port: 5432
    },
    Error: connect ECONNREFUSED 127.0.0.1:5432
        at createConnectionError (node:net:1648:14)
        at afterConnectMultiple (node:net:1678:16) {
      errno: -111,
      code: 'ECONNREFUSED',
      syscall: 'connect',
      address: '127.0.0.1',
      port: 5432
    }
  ]
}
 GET /api/getUsers 500 in 162ms
Database query error: AggregateError [ECONNREFUSED]: 
    at /home/viscon/campusguessr/node_modules/pg-pool/index.js:45:11
    at process.processTicksAndRejections (node:internal/process/task_queues:95:5)
    at async handler (webpack-internal:///(api)/./pages/api/getUsers.js:12:24)
    at async K (/home/viscon/campusguessr/node_modules/next/dist/compiled/next-server/pages-api.runtime.dev.js:21:2871)
    at async U.render (/home/viscon/campusguessr/node_modules/next/dist/compiled/next-server/pages-api.runtime.dev.js:21:3955)
    at async DevServer.runApi (/home/viscon/campusguessr/node_modules/next/dist/server/next-server.js:598:9)
    at async NextNodeServer.handleCatchallRenderRequest (/home/viscon/campusguessr/node_modules/next/dist/server/next-server.js:269:37)
    at async DevServer.handleRequestImpl (/home/viscon/campusguessr/node_modules/next/dist/server/base-server.js:817:17)
    at async /home/viscon/campusguessr/node_modules/next/dist/server/dev/next-dev-server.js:339:20
    at async Span.traceAsyncFn (/home/viscon/campusguessr/node_modules/next/dist/trace/trace.js:154:20)
    at async DevServer.handleRequest (/home/viscon/campusguessr/node_modules/next/dist/server/dev/next-dev-server.js:336:24)
    at async invokeRender (/home/viscon/campusguessr/node_modules/next/dist/server/lib/router-server.js:173:21)
    at async handleRequest (/home/viscon/campusguessr/node_modules/next/dist/server/lib/router-server.js:350:24)
    at async requestHandlerImpl (/home/viscon/campusguessr/node_modules/next/dist/server/lib/router-server.js:374:13)
    at async Server.requestListener (/home/viscon/campusguessr/node_modules/next/dist/server/lib/start-server.js:141:13) {
  code: 'ECONNREFUSED',
  [errors]: [
    Error: connect ECONNREFUSED ::1:5432
        at createConnectionError (node:net:1648:14)
        at afterConnectMultiple (node:net:1678:16) {
      errno: -111,
      code: 'ECONNREFUSED',
      syscall: 'connect',
      address: '::1',
      port: 5432
    },
    Error: connect ECONNREFUSED 127.0.0.1:5432
        at createConnectionError (node:net:1648:14)
        at afterConnectMultiple (node:net:1678:16) {
      errno: -111,
      code: 'ECONNREFUSED',
      syscall: 'connect',
      address: '127.0.0.1',
      port: 5432
    }
  ]
}
 GET /api/getUsers 500 in 5ms
Database query error: AggregateError [ECONNREFUSED]: 
    at /home/viscon/campusguessr/node_modules/pg-pool/index.js:45:11
    at process.processTicksAndRejections (node:internal/process/task_queues:95:5)
    at async handler (webpack-internal:///(api)/./pages/api/getUsers.js:12:24)
    at async K (/home/viscon/campusguessr/node_modules/next/dist/compiled/next-server/pages-api.runtime.dev.js:21:2871)
    at async U.render (/home/viscon/campusguessr/node_modules/next/dist/compiled/next-server/pages-api.runtime.dev.js:21:3955)
    at async DevServer.runApi (/home/viscon/campusguessr/node_modules/next/dist/server/next-server.js:598:9)
    at async NextNodeServer.handleCatchallRenderRequest (/home/viscon/campusguessr/node_modules/next/dist/server/next-server.js:269:37)
    at async DevServer.handleRequestImpl (/home/viscon/campusguessr/node_modules/next/dist/server/base-server.js:817:17)
    at async /home/viscon/campusguessr/node_modules/next/dist/server/dev/next-dev-server.js:339:20
    at async Span.traceAsyncFn (/home/viscon/campusguessr/node_modules/next/dist/trace/trace.js:154:20)
    at async DevServer.handleRequest (/home/viscon/campusguessr/node_modules/next/dist/server/dev/next-dev-server.js:336:24)
    at async invokeRender (/home/viscon/campusguessr/node_modules/next/dist/server/lib/router-server.js:173:21)
    at async handleRequest (/home/viscon/campusguessr/node_modules/next/dist/server/lib/router-server.js:350:24)
    at async requestHandlerImpl (/home/viscon/campusguessr/node_modules/next/dist/server/lib/router-server.js:374:13)
    at async Server.requestListener (/home/viscon/campusguessr/node_modules/next/dist/server/lib/start-server.js:141:13) {
  code: 'ECONNREFUSED',
  [errors]: [
    Error: connect ECONNREFUSED ::1:5432
        at createConnectionError (node:net:1648:14)
        at afterConnectMultiple (node:net:1678:16) {
      errno: -111,
      code: 'ECONNREFUSED',
      syscall: 'connect',
      address: '::1',
      port: 5432
    },
    Error: connect ECONNREFUSED 127.0.0.1:5432
        at createConnectionError (node:net:1648:14)
        at afterConnectMultiple (node:net:1678:16) {
      errno: -111,
      code: 'ECONNREFUSED',
      syscall: 'connect',
      address: '127.0.0.1',
      port: 5432
    }
  ]
}
 GET /api/getUsers 500 in 6ms
Database query error: AggregateError [ECONNREFUSED]: 
    at /home/viscon/campusguessr/node_modules/pg-pool/index.js:45:11
    at process.processTicksAndRejections (node:internal/process/task_queues:95:5)
    at async handler (webpack-internal:///(api)/./pages/api/getUsers.js:12:24)
    at async K (/home/viscon/campusguessr/node_modules/next/dist/compiled/next-server/pages-api.runtime.dev.js:21:2871)
    at async U.render (/home/viscon/campusguessr/node_modules/next/dist/compiled/next-server/pages-api.runtime.dev.js:21:3955)
    at async DevServer.runApi (/home/viscon/campusguessr/node_modules/next/dist/server/next-server.js:598:9)
    at async NextNodeServer.handleCatchallRenderRequest (/home/viscon/campusguessr/node_modules/next/dist/server/next-server.js:269:37)
    at async DevServer.handleRequestImpl (/home/viscon/campusguessr/node_modules/next/dist/server/base-server.js:817:17)
    at async /home/viscon/campusguessr/node_modules/next/dist/server/dev/next-dev-server.js:339:20
    at async Span.traceAsyncFn (/home/viscon/campusguessr/node_modules/next/dist/trace/trace.js:154:20)
    at async DevServer.handleRequest (/home/viscon/campusguessr/node_modules/next/dist/server/dev/next-dev-server.js:336:24)
    at async invokeRender (/home/viscon/campusguessr/node_modules/next/dist/server/lib/router-server.js:173:21)
    at async handleRequest (/home/viscon/campusguessr/node_modules/next/dist/server/lib/router-server.js:350:24)
    at async requestHandlerImpl (/home/viscon/campusguessr/node_modules/next/dist/server/lib/router-server.js:374:13)
    at async Server.requestListener (/home/viscon/campusguessr/node_modules/next/dist/server/lib/start-server.js:141:13) {
  code: 'ECONNREFUSED',
  [errors]: [
    Error: connect ECONNREFUSED ::1:5432
        at createConnectionError (node:net:1648:14)
        at afterConnectMultiple (node:net:1678:16) {
      errno: -111,
      code: 'ECONNREFUSED',
      syscall: 'connect',
      address: '::1',
      port: 5432
    },
    Error: connect ECONNREFUSED 127.0.0.1:5432
        at createConnectionError (node:net:1648:14)
        at afterConnectMultiple (node:net:1678:16) {
      errno: -111,
      code: 'ECONNREFUSED',
      syscall: 'connect',
      address: '127.0.0.1',
      port: 5432
    }
  ]
}
 GET /api/getUsers 500 in 7ms
Database query error: AggregateError [ECONNREFUSED]: 
    at /home/viscon/campusguessr/node_modules/pg-pool/index.js:45:11
    at process.processTicksAndRejections (node:internal/process/task_queues:95:5)
    at async handler (webpack-internal:///(api)/./pages/api/getUsers.js:12:24)
    at async K (/home/viscon/campusguessr/node_modules/next/dist/compiled/next-server/pages-api.runtime.dev.js:21:2871)
    at async U.render (/home/viscon/campusguessr/node_modules/next/dist/compiled/next-server/pages-api.runtime.dev.js:21:3955)
    at async DevServer.runApi (/home/viscon/campusguessr/node_modules/next/dist/server/next-server.js:598:9)
    at async NextNodeServer.handleCatchallRenderRequest (/home/viscon/campusguessr/node_modules/next/dist/server/next-server.js:269:37)
    at async DevServer.handleRequestImpl (/home/viscon/campusguessr/node_modules/next/dist/server/base-server.js:817:17)
    at async /home/viscon/campusguessr/node_modules/next/dist/server/dev/next-dev-server.js:339:20
    at async Span.traceAsyncFn (/home/viscon/campusguessr/node_modules/next/dist/trace/trace.js:154:20)
    at async DevServer.handleRequest (/home/viscon/campusguessr/node_modules/next/dist/server/dev/next-dev-server.js:336:24)
    at async invokeRender (/home/viscon/campusguessr/node_modules/next/dist/server/lib/router-server.js:173:21)
    at async handleRequest (/home/viscon/campusguessr/node_modules/next/dist/server/lib/router-server.js:350:24)
    at async requestHandlerImpl (/home/viscon/campusguessr/node_modules/next/dist/server/lib/router-server.js:374:13)
    at async Server.requestListener (/home/viscon/campusguessr/node_modules/next/dist/server/lib/start-server.js:141:13) {
  code: 'ECONNREFUSED',
  [errors]: [
    Error: connect ECONNREFUSED ::1:5432
        at createConnectionError (node:net:1648:14)
        at afterConnectMultiple (node:net:1678:16) {
      errno: -111,
      code: 'ECONNREFUSED',
      syscall: 'connect',
      address: '::1',
      port: 5432
    },
    Error: connect ECONNREFUSED 127.0.0.1:5432
        at createConnectionError (node:net:1648:14)
        at afterConnectMultiple (node:net:1678:16) {
      errno: -111,
      code: 'ECONNREFUSED',
      syscall: 'connect',
      address: '127.0.0.1',
      port: 5432
    }
  ]
}
 GET /api/getUsers 500 in 5ms
Database query error: AggregateError [ECONNREFUSED]: 
    at /home/viscon/campusguessr/node_modules/pg-pool/index.js:45:11
    at process.processTicksAndRejections (node:internal/process/task_queues:95:5)
    at async handler (webpack-internal:///(api)/./pages/api/getUsers.js:12:24)
    at async K (/home/viscon/campusguessr/node_modules/next/dist/compiled/next-server/pages-api.runtime.dev.js:21:2871)
    at async U.render (/home/viscon/campusguessr/node_modules/next/dist/compiled/next-server/pages-api.runtime.dev.js:21:3955)
    at async DevServer.runApi (/home/viscon/campusguessr/node_modules/next/dist/server/next-server.js:598:9)
    at async NextNodeServer.handleCatchallRenderRequest (/home/viscon/campusguessr/node_modules/next/dist/server/next-server.js:269:37)
    at async DevServer.handleRequestImpl (/home/viscon/campusguessr/node_modules/next/dist/server/base-server.js:817:17)
    at async /home/viscon/campusguessr/node_modules/next/dist/server/dev/next-dev-server.js:339:20
    at async Span.traceAsyncFn (/home/viscon/campusguessr/node_modules/next/dist/trace/trace.js:154:20)
    at async DevServer.handleRequest (/home/viscon/campusguessr/node_modules/next/dist/server/dev/next-dev-server.js:336:24)
    at async invokeRender (/home/viscon/campusguessr/node_modules/next/dist/server/lib/router-server.js:173:21)
    at async handleRequest (/home/viscon/campusguessr/node_modules/next/dist/server/lib/router-server.js:350:24)
    at async requestHandlerImpl (/home/viscon/campusguessr/node_modules/next/dist/server/lib/router-server.js:374:13)
    at async Server.requestListener (/home/viscon/campusguessr/node_modules/next/dist/server/lib/start-server.js:141:13) {
  code: 'ECONNREFUSED',
  [errors]: [
    Error: connect ECONNREFUSED ::1:5432
        at createConnectionError (node:net:1648:14)
        at afterConnectMultiple (node:net:1678:16) {
      errno: -111,
      code: 'ECONNREFUSED',
      syscall: 'connect',
      address: '::1',
      port: 5432
    },
    Error: connect ECONNREFUSED 127.0.0.1:5432
        at createConnectionError (node:net:1648:14)
        at afterConnectMultiple (node:net:1678:16) {
      errno: -111,
      code: 'ECONNREFUSED',
      syscall: 'connect',
      address: '127.0.0.1',
      port: 5432
    }
  ]
}
 GET /api/getUsers 500 in 4ms
 GET / 200 in 100ms
 GET / 200 in 21ms
 GET / 200 in 32ms
 GET / 200 in 36ms
 GET / 200 in 20ms
 ✓ Compiled /api/loginOrRegister in 407ms (124 modules)
Database error: AggregateError [ECONNREFUSED]: 
    at /home/viscon/campusguessr/node_modules/pg-pool/index.js:45:11
    at process.processTicksAndRejections (node:internal/process/task_queues:95:5)
    at async handler (webpack-internal:///(api)/./pages/api/loginOrRegister.js:21:28)
    at async K (/home/viscon/campusguessr/node_modules/next/dist/compiled/next-server/pages-api.runtime.dev.js:21:2871)
    at async U.render (/home/viscon/campusguessr/node_modules/next/dist/compiled/next-server/pages-api.runtime.dev.js:21:3955)
    at async DevServer.runApi (/home/viscon/campusguessr/node_modules/next/dist/server/next-server.js:598:9)
    at async NextNodeServer.handleCatchallRenderRequest (/home/viscon/campusguessr/node_modules/next/dist/server/next-server.js:269:37)
    at async DevServer.handleRequestImpl (/home/viscon/campusguessr/node_modules/next/dist/server/base-server.js:817:17)
    at async /home/viscon/campusguessr/node_modules/next/dist/server/dev/next-dev-server.js:339:20
    at async Span.traceAsyncFn (/home/viscon/campusguessr/node_modules/next/dist/trace/trace.js:154:20)
    at async DevServer.handleRequest (/home/viscon/campusguessr/node_modules/next/dist/server/dev/next-dev-server.js:336:24)
    at async invokeRender (/home/viscon/campusguessr/node_modules/next/dist/server/lib/router-server.js:173:21)
    at async handleRequest (/home/viscon/campusguessr/node_modules/next/dist/server/lib/router-server.js:350:24)
    at async requestHandlerImpl (/home/viscon/campusguessr/node_modules/next/dist/server/lib/router-server.js:374:13)
    at async Server.requestListener (/home/viscon/campusguessr/node_modules/next/dist/server/lib/start-server.js:141:13) {
  code: 'ECONNREFUSED',
  [errors]: [
    Error: connect ECONNREFUSED ::1:5432
        at createConnectionError (node:net:1648:14)
        at afterConnectMultiple (node:net:1678:16) {
      errno: -111,
      code: 'ECONNREFUSED',
      syscall: 'connect',
      address: '::1',
      port: 5432
    },
    Error: connect ECONNREFUSED 127.0.0.1:5432
        at createConnectionError (node:net:1648:14)
        at afterConnectMultiple (node:net:1678:16) {
      errno: -111,
      code: 'ECONNREFUSED',
      syscall: 'connect',
      address: '127.0.0.1',
      port: 5432
    }
  ]
}
 POST /api/loginOrRegister 500 in 442ms
Database error: AggregateError [ECONNREFUSED]: 
    at /home/viscon/campusguessr/node_modules/pg-pool/index.js:45:11
    at process.processTicksAndRejections (node:internal/process/task_queues:95:5)
    at async handler (webpack-internal:///(api)/./pages/api/loginOrRegister.js:21:28)
    at async K (/home/viscon/campusguessr/node_modules/next/dist/compiled/next-server/pages-api.runtime.dev.js:21:2871)
    at async U.render (/home/viscon/campusguessr/node_modules/next/dist/compiled/next-server/pages-api.runtime.dev.js:21:3955)
    at async DevServer.runApi (/home/viscon/campusguessr/node_modules/next/dist/server/next-server.js:598:9)
    at async NextNodeServer.handleCatchallRenderRequest (/home/viscon/campusguessr/node_modules/next/dist/server/next-server.js:269:37)
    at async DevServer.handleRequestImpl (/home/viscon/campusguessr/node_modules/next/dist/server/base-server.js:817:17)
    at async /home/viscon/campusguessr/node_modules/next/dist/server/dev/next-dev-server.js:339:20
    at async Span.traceAsyncFn (/home/viscon/campusguessr/node_modules/next/dist/trace/trace.js:154:20)
    at async DevServer.handleRequest (/home/viscon/campusguessr/node_modules/next/dist/server/dev/next-dev-server.js:336:24)
    at async invokeRender (/home/viscon/campusguessr/node_modules/next/dist/server/lib/router-server.js:173:21)
    at async handleRequest (/home/viscon/campusguessr/node_modules/next/dist/server/lib/router-server.js:350:24)
    at async requestHandlerImpl (/home/viscon/campusguessr/node_modules/next/dist/server/lib/router-server.js:374:13)
    at async Server.requestListener (/home/viscon/campusguessr/node_modules/next/dist/server/lib/start-server.js:141:13) {
  code: 'ECONNREFUSED',
  [errors]: [
    Error: connect ECONNREFUSED ::1:5432
        at createConnectionError (node:net:1648:14)
        at afterConnectMultiple (node:net:1678:16) {
      errno: -111,
      code: 'ECONNREFUSED',
      syscall: 'connect',
      address: '::1',
      port: 5432
    },
    Error: connect ECONNREFUSED 127.0.0.1:5432
        at createConnectionError (node:net:1648:14)
        at afterConnectMultiple (node:net:1678:16) {
      errno: -111,
      code: 'ECONNREFUSED',
      syscall: 'connect',
      address: '127.0.0.1',
      port: 5432
    }
  ]
}
 POST /api/loginOrRegister 500 in 4ms
Database error: AggregateError [ECONNREFUSED]: 
    at /home/viscon/campusguessr/node_modules/pg-pool/index.js:45:11
    at process.processTicksAndRejections (node:internal/process/task_queues:95:5)
    at async handler (webpack-internal:///(api)/./pages/api/loginOrRegister.js:21:28)
    at async K (/home/viscon/campusguessr/node_modules/next/dist/compiled/next-server/pages-api.runtime.dev.js:21:2871)
    at async U.render (/home/viscon/campusguessr/node_modules/next/dist/compiled/next-server/pages-api.runtime.dev.js:21:3955)
    at async DevServer.runApi (/home/viscon/campusguessr/node_modules/next/dist/server/next-server.js:598:9)
    at async NextNodeServer.handleCatchallRenderRequest (/home/viscon/campusguessr/node_modules/next/dist/server/next-server.js:269:37)
    at async DevServer.handleRequestImpl (/home/viscon/campusguessr/node_modules/next/dist/server/base-server.js:817:17)
    at async /home/viscon/campusguessr/node_modules/next/dist/server/dev/next-dev-server.js:339:20
    at async Span.traceAsyncFn (/home/viscon/campusguessr/node_modules/next/dist/trace/trace.js:154:20)
    at async DevServer.handleRequest (/home/viscon/campusguessr/node_modules/next/dist/server/dev/next-dev-server.js:336:24)
    at async invokeRender (/home/viscon/campusguessr/node_modules/next/dist/server/lib/router-server.js:173:21)
    at async handleRequest (/home/viscon/campusguessr/node_modules/next/dist/server/lib/router-server.js:350:24)
    at async requestHandlerImpl (/home/viscon/campusguessr/node_modules/next/dist/server/lib/router-server.js:374:13)
    at async Server.requestListener (/home/viscon/campusguessr/node_modules/next/dist/server/lib/start-server.js:141:13) {
  code: 'ECONNREFUSED',
  [errors]: [
    Error: connect ECONNREFUSED ::1:5432
        at createConnectionError (node:net:1648:14)
        at afterConnectMultiple (node:net:1678:16) {
      errno: -111,
      code: 'ECONNREFUSED',
      syscall: 'connect',
      address: '::1',
      port: 5432
    },
    Error: connect ECONNREFUSED 127.0.0.1:5432
        at createConnectionError (node:net:1648:14)
        at afterConnectMultiple (node:net:1678:16) {
      errno: -111,
      code: 'ECONNREFUSED',
      syscall: 'connect',
      address: '127.0.0.1',
      port: 5432
    }
  ]
}
 POST /api/loginOrRegister 500 in 4ms
Database error: AggregateError [ECONNREFUSED]: 
    at /home/viscon/campusguessr/node_modules/pg-pool/index.js:45:11
    at process.processTicksAndRejections (node:internal/process/task_queues:95:5)
    at async handler (webpack-internal:///(api)/./pages/api/loginOrRegister.js:21:28)
    at async K (/home/viscon/campusguessr/node_modules/next/dist/compiled/next-server/pages-api.runtime.dev.js:21:2871)
    at async U.render (/home/viscon/campusguessr/node_modules/next/dist/compiled/next-server/pages-api.runtime.dev.js:21:3955)
    at async DevServer.runApi (/home/viscon/campusguessr/node_modules/next/dist/server/next-server.js:598:9)
    at async NextNodeServer.handleCatchallRenderRequest (/home/viscon/campusguessr/node_modules/next/dist/server/next-server.js:269:37)
    at async DevServer.handleRequestImpl (/home/viscon/campusguessr/node_modules/next/dist/server/base-server.js:817:17)
    at async /home/viscon/campusguessr/node_modules/next/dist/server/dev/next-dev-server.js:339:20
    at async Span.traceAsyncFn (/home/viscon/campusguessr/node_modules/next/dist/trace/trace.js:154:20)
    at async DevServer.handleRequest (/home/viscon/campusguessr/node_modules/next/dist/server/dev/next-dev-server.js:336:24)
    at async invokeRender (/home/viscon/campusguessr/node_modules/next/dist/server/lib/router-server.js:173:21)
    at async handleRequest (/home/viscon/campusguessr/node_modules/next/dist/server/lib/router-server.js:350:24)
    at async requestHandlerImpl (/home/viscon/campusguessr/node_modules/next/dist/server/lib/router-server.js:374:13)
    at async Server.requestListener (/home/viscon/campusguessr/node_modules/next/dist/server/lib/start-server.js:141:13) {
  code: 'ECONNREFUSED',
  [errors]: [
    Error: connect ECONNREFUSED ::1:5432
        at createConnectionError (node:net:1648:14)
        at afterConnectMultiple (node:net:1678:16) {
      errno: -111,
      code: 'ECONNREFUSED',
      syscall: 'connect',
      address: '::1',
      port: 5432
    },
    Error: connect ECONNREFUSED 127.0.0.1:5432
        at createConnectionError (node:net:1648:14)
        at afterConnectMultiple (node:net:1678:16) {
      errno: -111,
      code: 'ECONNREFUSED',
      syscall: 'connect',
      address: '127.0.0.1',
      port: 5432
    }
  ]
}
 POST /api/loginOrRegister 500 in 3ms
Database error: AggregateError [ECONNREFUSED]: 
    at /home/viscon/campusguessr/node_modules/pg-pool/index.js:45:11
    at process.processTicksAndRejections (node:internal/process/task_queues:95:5)
    at async handler (webpack-internal:///(api)/./pages/api/loginOrRegister.js:21:28)
    at async K (/home/viscon/campusguessr/node_modules/next/dist/compiled/next-server/pages-api.runtime.dev.js:21:2871)
    at async U.render (/home/viscon/campusguessr/node_modules/next/dist/compiled/next-server/pages-api.runtime.dev.js:21:3955)
    at async DevServer.runApi (/home/viscon/campusguessr/node_modules/next/dist/server/next-server.js:598:9)
    at async NextNodeServer.handleCatchallRenderRequest (/home/viscon/campusguessr/node_modules/next/dist/server/next-server.js:269:37)
    at async DevServer.handleRequestImpl (/home/viscon/campusguessr/node_modules/next/dist/server/base-server.js:817:17)
    at async /home/viscon/campusguessr/node_modules/next/dist/server/dev/next-dev-server.js:339:20
    at async Span.traceAsyncFn (/home/viscon/campusguessr/node_modules/next/dist/trace/trace.js:154:20)
    at async DevServer.handleRequest (/home/viscon/campusguessr/node_modules/next/dist/server/dev/next-dev-server.js:336:24)
    at async invokeRender (/home/viscon/campusguessr/node_modules/next/dist/server/lib/router-server.js:173:21)
    at async handleRequest (/home/viscon/campusguessr/node_modules/next/dist/server/lib/router-server.js:350:24)
    at async requestHandlerImpl (/home/viscon/campusguessr/node_modules/next/dist/server/lib/router-server.js:374:13)
    at async Server.requestListener (/home/viscon/campusguessr/node_modules/next/dist/server/lib/start-server.js:141:13) {
  code: 'ECONNREFUSED',
  [errors]: [
    Error: connect ECONNREFUSED ::1:5432
        at createConnectionError (node:net:1648:14)
        at afterConnectMultiple (node:net:1678:16) {
      errno: -111,
      code: 'ECONNREFUSED',
      syscall: 'connect',
      address: '::1',
      port: 5432
    },
    Error: connect ECONNREFUSED 127.0.0.1:5432
        at createConnectionError (node:net:1648:14)
        at afterConnectMultiple (node:net:1678:16) {
      errno: -111,
      code: 'ECONNREFUSED',
      syscall: 'connect',
      address: '127.0.0.1',
      port: 5432
    }
  ]
}
 POST /api/loginOrRegister 500 in 3ms
 GET / 200 in 58ms
 GET /game 200 in 37ms
 ✓ Compiled /api/startRound in 122ms (126 modules)
Database error: AggregateError [ECONNREFUSED]: 
    at /home/viscon/campusguessr/node_modules/pg-pool/index.js:45:11
    at process.processTicksAndRejections (node:internal/process/task_queues:95:5)
    at async handler (webpack-internal:///(api)/./pages/api/startRound.js:19:27)
    at async K (/home/viscon/campusguessr/node_modules/next/dist/compiled/next-server/pages-api.runtime.dev.js:21:2871)
    at async U.render (/home/viscon/campusguessr/node_modules/next/dist/compiled/next-server/pages-api.runtime.dev.js:21:3955)
    at async DevServer.runApi (/home/viscon/campusguessr/node_modules/next/dist/server/next-server.js:598:9)
    at async NextNodeServer.handleCatchallRenderRequest (/home/viscon/campusguessr/node_modules/next/dist/server/next-server.js:269:37)
    at async DevServer.handleRequestImpl (/home/viscon/campusguessr/node_modules/next/dist/server/base-server.js:817:17)
    at async /home/viscon/campusguessr/node_modules/next/dist/server/dev/next-dev-server.js:339:20
    at async Span.traceAsyncFn (/home/viscon/campusguessr/node_modules/next/dist/trace/trace.js:154:20)
    at async DevServer.handleRequest (/home/viscon/campusguessr/node_modules/next/dist/server/dev/next-dev-server.js:336:24)
    at async invokeRender (/home/viscon/campusguessr/node_modules/next/dist/server/lib/router-server.js:173:21)
    at async handleRequest (/home/viscon/campusguessr/node_modules/next/dist/server/lib/router-server.js:350:24)
    at async requestHandlerImpl (/home/viscon/campusguessr/node_modules/next/dist/server/lib/router-server.js:374:13)
    at async Server.requestListener (/home/viscon/campusguessr/node_modules/next/dist/server/lib/start-server.js:141:13) {
  code: 'ECONNREFUSED',
  [errors]: [
    Error: connect ECONNREFUSED ::1:5432
        at createConnectionError (node:net:1648:14)
        at afterConnectMultiple (node:net:1678:16) {
      errno: -111,
      code: 'ECONNREFUSED',
      syscall: 'connect',
      address: '::1',
      port: 5432
    },
    Error: connect ECONNREFUSED 127.0.0.1:5432
        at createConnectionError (node:net:1648:14)
        at afterConnectMultiple (node:net:1678:16) {
      errno: -111,
      code: 'ECONNREFUSED',
      syscall: 'connect',
      address: '127.0.0.1',
      port: 5432
    }
  ]
}
 POST /api/startRound 500 in 138ms
Database error: AggregateError [ECONNREFUSED]: 
    at /home/viscon/campusguessr/node_modules/pg-pool/index.js:45:11
    at process.processTicksAndRejections (node:internal/process/task_queues:95:5)
    at async handler (webpack-internal:///(api)/./pages/api/startRound.js:19:27)
    at async K (/home/viscon/campusguessr/node_modules/next/dist/compiled/next-server/pages-api.runtime.dev.js:21:2871)
    at async U.render (/home/viscon/campusguessr/node_modules/next/dist/compiled/next-server/pages-api.runtime.dev.js:21:3955)
    at async DevServer.runApi (/home/viscon/campusguessr/node_modules/next/dist/server/next-server.js:598:9)
    at async NextNodeServer.handleCatchallRenderRequest (/home/viscon/campusguessr/node_modules/next/dist/server/next-server.js:269:37)
    at async DevServer.handleRequestImpl (/home/viscon/campusguessr/node_modules/next/dist/server/base-server.js:817:17)
    at async /home/viscon/campusguessr/node_modules/next/dist/server/dev/next-dev-server.js:339:20
    at async Span.traceAsyncFn (/home/viscon/campusguessr/node_modules/next/dist/trace/trace.js:154:20)
    at async DevServer.handleRequest (/home/viscon/campusguessr/node_modules/next/dist/server/dev/next-dev-server.js:336:24)
    at async invokeRender (/home/viscon/campusguessr/node_modules/next/dist/server/lib/router-server.js:173:21)
    at async handleRequest (/home/viscon/campusguessr/node_modules/next/dist/server/lib/router-server.js:350:24)
    at async requestHandlerImpl (/home/viscon/campusguessr/node_modules/next/dist/server/lib/router-server.js:374:13)
    at async Server.requestListener (/home/viscon/campusguessr/node_modules/next/dist/server/lib/start-server.js:141:13) {
  code: 'ECONNREFUSED',
  [errors]: [
    Error: connect ECONNREFUSED ::1:5432
        at createConnectionError (node:net:1648:14)
        at afterConnectMultiple (node:net:1678:16) {
      errno: -111,
      code: 'ECONNREFUSED',
      syscall: 'connect',
      address: '::1',
      port: 5432
    },
    Error: connect ECONNREFUSED 127.0.0.1:5432
        at createConnectionError (node:net:1648:14)
        at afterConnectMultiple (node:net:1678:16) {
      errno: -111,
      code: 'ECONNREFUSED',
      syscall: 'connect',
      address: '127.0.0.1',
      port: 5432
    }
  ]
}
 POST /api/startRound 500 in 6ms
Database error: AggregateError [ECONNREFUSED]: 
    at /home/viscon/campusguessr/node_modules/pg-pool/index.js:45:11
    at process.processTicksAndRejections (node:internal/process/task_queues:95:5)
    at async handler (webpack-internal:///(api)/./pages/api/startRound.js:19:27)
    at async K (/home/viscon/campusguessr/node_modules/next/dist/compiled/next-server/pages-api.runtime.dev.js:21:2871)
    at async U.render (/home/viscon/campusguessr/node_modules/next/dist/compiled/next-server/pages-api.runtime.dev.js:21:3955)
    at async DevServer.runApi (/home/viscon/campusguessr/node_modules/next/dist/server/next-server.js:598:9)
    at async NextNodeServer.handleCatchallRenderRequest (/home/viscon/campusguessr/node_modules/next/dist/server/next-server.js:269:37)
    at async DevServer.handleRequestImpl (/home/viscon/campusguessr/node_modules/next/dist/server/base-server.js:817:17)
    at async /home/viscon/campusguessr/node_modules/next/dist/server/dev/next-dev-server.js:339:20
    at async Span.traceAsyncFn (/home/viscon/campusguessr/node_modules/next/dist/trace/trace.js:154:20)
    at async DevServer.handleRequest (/home/viscon/campusguessr/node_modules/next/dist/server/dev/next-dev-server.js:336:24)
    at async invokeRender (/home/viscon/campusguessr/node_modules/next/dist/server/lib/router-server.js:173:21)
    at async handleRequest (/home/viscon/campusguessr/node_modules/next/dist/server/lib/router-server.js:350:24)
    at async requestHandlerImpl (/home/viscon/campusguessr/node_modules/next/dist/server/lib/router-server.js:374:13)
    at async Server.requestListener (/home/viscon/campusguessr/node_modules/next/dist/server/lib/start-server.js:141:13) {
  code: 'ECONNREFUSED',
  [errors]: [
    Error: connect ECONNREFUSED ::1:5432
        at createConnectionError (node:net:1648:14)
        at afterConnectMultiple (node:net:1678:16) {
      errno: -111,
      code: 'ECONNREFUSED',
      syscall: 'connect',
      address: '::1',
      port: 5432
    },
    Error: connect ECONNREFUSED 127.0.0.1:5432
        at createConnectionError (node:net:1648:14)
        at afterConnectMultiple (node:net:1678:16) {
      errno: -111,
      code: 'ECONNREFUSED',
      syscall: 'connect',
      address: '127.0.0.1',
      port: 5432
    }
  ]
}
 POST /api/startRound 500 in 4ms
Database error: AggregateError [ECONNREFUSED]: 
    at /home/viscon/campusguessr/node_modules/pg-pool/index.js:45:11
    at process.processTicksAndRejections (node:internal/process/task_queues:95:5)
    at async handler (webpack-internal:///(api)/./pages/api/startRound.js:19:27)
    at async K (/home/viscon/campusguessr/node_modules/next/dist/compiled/next-server/pages-api.runtime.dev.js:21:2871)
    at async U.render (/home/viscon/campusguessr/node_modules/next/dist/compiled/next-server/pages-api.runtime.dev.js:21:3955)
    at async DevServer.runApi (/home/viscon/campusguessr/node_modules/next/dist/server/next-server.js:598:9)
    at async NextNodeServer.handleCatchallRenderRequest (/home/viscon/campusguessr/node_modules/next/dist/server/next-server.js:269:37)
    at async DevServer.handleRequestImpl (/home/viscon/campusguessr/node_modules/next/dist/server/base-server.js:817:17)
    at async /home/viscon/campusguessr/node_modules/next/dist/server/dev/next-dev-server.js:339:20
    at async Span.traceAsyncFn (/home/viscon/campusguessr/node_modules/next/dist/trace/trace.js:154:20)
    at async DevServer.handleRequest (/home/viscon/campusguessr/node_modules/next/dist/server/dev/next-dev-server.js:336:24)
    at async invokeRender (/home/viscon/campusguessr/node_modules/next/dist/server/lib/router-server.js:173:21)
    at async handleRequest (/home/viscon/campusguessr/node_modules/next/dist/server/lib/router-server.js:350:24)
    at async requestHandlerImpl (/home/viscon/campusguessr/node_modules/next/dist/server/lib/router-server.js:374:13)
    at async Server.requestListener (/home/viscon/campusguessr/node_modules/next/dist/server/lib/start-server.js:141:13) {
  code: 'ECONNREFUSED',
  [errors]: [
    Error: connect ECONNREFUSED ::1:5432
        at createConnectionError (node:net:1648:14)
        at afterConnectMultiple (node:net:1678:16) {
      errno: -111,
      code: 'ECONNREFUSED',
      syscall: 'connect',
      address: '::1',
      port: 5432
    },
    Error: connect ECONNREFUSED 127.0.0.1:5432
        at createConnectionError (node:net:1648:14)
        at afterConnectMultiple (node:net:1678:16) {
      errno: -111,
      code: 'ECONNREFUSED',
      syscall: 'connect',
      address: '127.0.0.1',
      port: 5432
    }
  ]
}
 POST /api/startRound 500 in 6ms
 GET / 200 in 80ms
 ✓ Compiled /select in 264ms (421 modules)
 ⚠ Fast Refresh had to perform a full reload. Read more: https://nextjs.org/docs/messages/fast-refresh-reload
 GET / 200 in 70ms
 ✓ Compiled /api/getBuildings in 320ms (169 modules)
 GET /api/getBuildings 200 in 361ms
 ✓ Compiled /api/getFloors in 259ms (171 modules)
 GET /api/getFloors?building=HG 200 in 272ms
 ✓ Compiled /api/startRound in 90ms (173 modules)
Database error: AggregateError [ECONNREFUSED]: 
    at /home/viscon/campusguessr/node_modules/pg-pool/index.js:45:11
    at process.processTicksAndRejections (node:internal/process/task_queues:95:5)
    at async handler (webpack-internal:///(api)/./pages/api/startRound.js:19:27)
    at async K (/home/viscon/campusguessr/node_modules/next/dist/compiled/next-server/pages-api.runtime.dev.js:21:2871)
    at async U.render (/home/viscon/campusguessr/node_modules/next/dist/compiled/next-server/pages-api.runtime.dev.js:21:3955)
    at async DevServer.runApi (/home/viscon/campusguessr/node_modules/next/dist/server/next-server.js:598:9)
    at async NextNodeServer.handleCatchallRenderRequest (/home/viscon/campusguessr/node_modules/next/dist/server/next-server.js:269:37)
    at async DevServer.handleRequestImpl (/home/viscon/campusguessr/node_modules/next/dist/server/base-server.js:817:17)
    at async /home/viscon/campusguessr/node_modules/next/dist/server/dev/next-dev-server.js:339:20
    at async Span.traceAsyncFn (/home/viscon/campusguessr/node_modules/next/dist/trace/trace.js:154:20)
    at async DevServer.handleRequest (/home/viscon/campusguessr/node_modules/next/dist/server/dev/next-dev-server.js:336:24)
    at async invokeRender (/home/viscon/campusguessr/node_modules/next/dist/server/lib/router-server.js:173:21)
    at async handleRequest (/home/viscon/campusguessr/node_modules/next/dist/server/lib/router-server.js:350:24)
    at async requestHandlerImpl (/home/viscon/campusguessr/node_modules/next/dist/server/lib/router-server.js:374:13)
    at async Server.requestListener (/home/viscon/campusguessr/node_modules/next/dist/server/lib/start-server.js:141:13) {
  code: 'ECONNREFUSED',
  [errors]: [
    Error: connect ECONNREFUSED ::1:5432
        at createConnectionError (node:net:1648:14)
        at afterConnectMultiple (node:net:1678:16) {
      errno: -111,
      code: 'ECONNREFUSED',
      syscall: 'connect',
      address: '::1',
      port: 5432
    },
    Error: connect ECONNREFUSED 127.0.0.1:5432
        at createConnectionError (node:net:1648:14)
        at afterConnectMultiple (node:net:1678:16) {
      errno: -111,
      code: 'ECONNREFUSED',
      syscall: 'connect',
      address: '127.0.0.1',
      port: 5432
    }
  ]
}
 POST /api/startRound 500 in 102ms
 GET /game?building=HG&floor=ALL 200 in 58ms
 GET /game?building=HG&floor=ALL 200 in 12ms
Database error: AggregateError [ECONNREFUSED]: 
    at /home/viscon/campusguessr/node_modules/pg-pool/index.js:45:11
    at process.processTicksAndRejections (node:internal/process/task_queues:95:5)
    at async handler (webpack-internal:///(api)/./pages/api/startRound.js:19:27)
    at async K (/home/viscon/campusguessr/node_modules/next/dist/compiled/next-server/pages-api.runtime.dev.js:21:2871)
    at async U.render (/home/viscon/campusguessr/node_modules/next/dist/compiled/next-server/pages-api.runtime.dev.js:21:3955)
    at async DevServer.runApi (/home/viscon/campusguessr/node_modules/next/dist/server/next-server.js:598:9)
    at async NextNodeServer.handleCatchallRenderRequest (/home/viscon/campusguessr/node_modules/next/dist/server/next-server.js:269:37)
    at async DevServer.handleRequestImpl (/home/viscon/campusguessr/node_modules/next/dist/server/base-server.js:817:17)
    at async /home/viscon/campusguessr/node_modules/next/dist/server/dev/next-dev-server.js:339:20
    at async Span.traceAsyncFn (/home/viscon/campusguessr/node_modules/next/dist/trace/trace.js:154:20)
    at async DevServer.handleRequest (/home/viscon/campusguessr/node_modules/next/dist/server/dev/next-dev-server.js:336:24)
    at async invokeRender (/home/viscon/campusguessr/node_modules/next/dist/server/lib/router-server.js:173:21)
    at async handleRequest (/home/viscon/campusguessr/node_modules/next/dist/server/lib/router-server.js:350:24)
    at async requestHandlerImpl (/home/viscon/campusguessr/node_modules/next/dist/server/lib/router-server.js:374:13)
    at async Server.requestListener (/home/viscon/campusguessr/node_modules/next/dist/server/lib/start-server.js:141:13) {
  code: 'ECONNREFUSED',
  [errors]: [
    Error: connect ECONNREFUSED ::1:5432
        at createConnectionError (node:net:1648:14)
        at afterConnectMultiple (node:net:1678:16) {
      errno: -111,
      code: 'ECONNREFUSED',
      syscall: 'connect',
      address: '::1',
      port: 5432
    },
    Error: connect ECONNREFUSED 127.0.0.1:5432
        at createConnectionError (node:net:1648:14)
        at afterConnectMultiple (node:net:1678:16) {
      errno: -111,
      code: 'ECONNREFUSED',
      syscall: 'connect',
      address: '127.0.0.1',
      port: 5432
    }
  ]
}
 POST /api/startRound 500 in 70ms
 GET /game?building=HG&floor=ALL 200 in 25ms
 GET / 200 in 24ms
 ⚠ Fast Refresh had to perform a full reload. Read more: https://nextjs.org/docs/messages/fast-refresh-reload
 ○ Compiling /leaderboard ...
 ✓ Compiled /leaderboard in 582ms (446 modules)
 GET / 200 in 483ms
 GET / 200 in 14ms
 GET /leaderboard 200 in 9ms
 ✓ Compiled /api/getUsers in 344ms (176 modules)
Database query error: AggregateError [ECONNREFUSED]: 
    at /home/viscon/campusguessr/node_modules/pg-pool/index.js:45:11
    at process.processTicksAndRejections (node:internal/process/task_queues:95:5)
    at async handler (webpack-internal:///(api)/./pages/api/getUsers.js:12:24)
    at async K (/home/viscon/campusguessr/node_modules/next/dist/compiled/next-server/pages-api.runtime.dev.js:21:2871)
    at async U.render (/home/viscon/campusguessr/node_modules/next/dist/compiled/next-server/pages-api.runtime.dev.js:21:3955)
    at async DevServer.runApi (/home/viscon/campusguessr/node_modules/next/dist/server/next-server.js:598:9)
    at async NextNodeServer.handleCatchallRenderRequest (/home/viscon/campusguessr/node_modules/next/dist/server/next-server.js:269:37)
    at async DevServer.handleRequestImpl (/home/viscon/campusguessr/node_modules/next/dist/server/base-server.js:817:17)
    at async /home/viscon/campusguessr/node_modules/next/dist/server/dev/next-dev-server.js:339:20
    at async Span.traceAsyncFn (/home/viscon/campusguessr/node_modules/next/dist/trace/trace.js:154:20)
    at async DevServer.handleRequest (/home/viscon/campusguessr/node_modules/next/dist/server/dev/next-dev-server.js:336:24)
    at async invokeRender (/home/viscon/campusguessr/node_modules/next/dist/server/lib/router-server.js:173:21)
    at async handleRequest (/home/viscon/campusguessr/node_modules/next/dist/server/lib/router-server.js:350:24)
    at async requestHandlerImpl (/home/viscon/campusguessr/node_modules/next/dist/server/lib/router-server.js:374:13)
    at async Server.requestListener (/home/viscon/campusguessr/node_modules/next/dist/server/lib/start-server.js:141:13) {
  code: 'ECONNREFUSED',
  [errors]: [
    Error: connect ECONNREFUSED ::1:5432
        at createConnectionError (node:net:1648:14)
        at afterConnectMultiple (node:net:1678:16) {
      errno: -111,
      code: 'ECONNREFUSED',
      syscall: 'connect',
      address: '::1',
      port: 5432
    },
    Error: connect ECONNREFUSED 127.0.0.1:5432
        at createConnectionError (node:net:1648:14)
        at afterConnectMultiple (node:net:1678:16) {
      errno: -111,
      code: 'ECONNREFUSED',
      syscall: 'connect',
      address: '127.0.0.1',
      port: 5432
    }
  ]
}
 GET /api/getUsers 500 in 372ms
 GET / 200 in 74ms
 GET / 200 in 29ms
 GET / 200 in 33ms
 ✓ Compiled /api/loginOrRegister in 373ms (125 modules)
Database error: AggregateError [ECONNREFUSED]: 
    at /home/viscon/campusguessr/node_modules/pg-pool/index.js:45:11
    at process.processTicksAndRejections (node:internal/process/task_queues:95:5)
    at async handler (webpack-internal:///(api)/./pages/api/loginOrRegister.js:21:28)
    at async K (/home/viscon/campusguessr/node_modules/next/dist/compiled/next-server/pages-api.runtime.dev.js:21:2871)
    at async U.render (/home/viscon/campusguessr/node_modules/next/dist/compiled/next-server/pages-api.runtime.dev.js:21:3955)
    at async DevServer.runApi (/home/viscon/campusguessr/node_modules/next/dist/server/next-server.js:598:9)
    at async NextNodeServer.handleCatchallRenderRequest (/home/viscon/campusguessr/node_modules/next/dist/server/next-server.js:269:37)
    at async DevServer.handleRequestImpl (/home/viscon/campusguessr/node_modules/next/dist/server/base-server.js:817:17)
    at async /home/viscon/campusguessr/node_modules/next/dist/server/dev/next-dev-server.js:339:20
    at async Span.traceAsyncFn (/home/viscon/campusguessr/node_modules/next/dist/trace/trace.js:154:20)
    at async DevServer.handleRequest (/home/viscon/campusguessr/node_modules/next/dist/server/dev/next-dev-server.js:336:24)
    at async invokeRender (/home/viscon/campusguessr/node_modules/next/dist/server/lib/router-server.js:173:21)
    at async handleRequest (/home/viscon/campusguessr/node_modules/next/dist/server/lib/router-server.js:350:24)
    at async requestHandlerImpl (/home/viscon/campusguessr/node_modules/next/dist/server/lib/router-server.js:374:13)
    at async Server.requestListener (/home/viscon/campusguessr/node_modules/next/dist/server/lib/start-server.js:141:13) {
  code: 'ECONNREFUSED',
  [errors]: [
    Error: connect ECONNREFUSED ::1:5432
        at createConnectionError (node:net:1648:14)
        at afterConnectMultiple (node:net:1678:16) {
      errno: -111,
      code: 'ECONNREFUSED',
      syscall: 'connect',
      address: '::1',
      port: 5432
    },
    Error: connect ECONNREFUSED 127.0.0.1:5432
        at createConnectionError (node:net:1648:14)
        at afterConnectMultiple (node:net:1678:16) {
      errno: -111,
      code: 'ECONNREFUSED',
      syscall: 'connect',
      address: '127.0.0.1',
      port: 5432
    }
  ]
}
 POST /api/loginOrRegister 500 in 402ms
Database error: AggregateError [ECONNREFUSED]: 
    at /home/viscon/campusguessr/node_modules/pg-pool/index.js:45:11
    at process.processTicksAndRejections (node:internal/process/task_queues:95:5)
    at async handler (webpack-internal:///(api)/./pages/api/loginOrRegister.js:21:28)
    at async K (/home/viscon/campusguessr/node_modules/next/dist/compiled/next-server/pages-api.runtime.dev.js:21:2871)
    at async U.render (/home/viscon/campusguessr/node_modules/next/dist/compiled/next-server/pages-api.runtime.dev.js:21:3955)
    at async DevServer.runApi (/home/viscon/campusguessr/node_modules/next/dist/server/next-server.js:598:9)
    at async NextNodeServer.handleCatchallRenderRequest (/home/viscon/campusguessr/node_modules/next/dist/server/next-server.js:269:37)
    at async DevServer.handleRequestImpl (/home/viscon/campusguessr/node_modules/next/dist/server/base-server.js:817:17)
    at async /home/viscon/campusguessr/node_modules/next/dist/server/dev/next-dev-server.js:339:20
    at async Span.traceAsyncFn (/home/viscon/campusguessr/node_modules/next/dist/trace/trace.js:154:20)
    at async DevServer.handleRequest (/home/viscon/campusguessr/node_modules/next/dist/server/dev/next-dev-server.js:336:24)
    at async invokeRender (/home/viscon/campusguessr/node_modules/next/dist/server/lib/router-server.js:173:21)
    at async handleRequest (/home/viscon/campusguessr/node_modules/next/dist/server/lib/router-server.js:350:24)
    at async requestHandlerImpl (/home/viscon/campusguessr/node_modules/next/dist/server/lib/router-server.js:374:13)
    at async Server.requestListener (/home/viscon/campusguessr/node_modules/next/dist/server/lib/start-server.js:141:13) {
  code: 'ECONNREFUSED',
  [errors]: [
    Error: connect ECONNREFUSED ::1:5432
        at createConnectionError (node:net:1648:14)
        at afterConnectMultiple (node:net:1678:16) {
      errno: -111,
      code: 'ECONNREFUSED',
      syscall: 'connect',
      address: '::1',
      port: 5432
    },
    Error: connect ECONNREFUSED 127.0.0.1:5432
        at createConnectionError (node:net:1648:14)
        at afterConnectMultiple (node:net:1678:16) {
      errno: -111,
      code: 'ECONNREFUSED',
      syscall: 'connect',
      address: '127.0.0.1',
      port: 5432
    }
  ]
}
 POST /api/loginOrRegister 500 in 6ms
Database error: AggregateError [ECONNREFUSED]: 
    at /home/viscon/campusguessr/node_modules/pg-pool/index.js:45:11
    at process.processTicksAndRejections (node:internal/process/task_queues:95:5)
    at async handler (webpack-internal:///(api)/./pages/api/loginOrRegister.js:21:28)
    at async K (/home/viscon/campusguessr/node_modules/next/dist/compiled/next-server/pages-api.runtime.dev.js:21:2871)
    at async U.render (/home/viscon/campusguessr/node_modules/next/dist/compiled/next-server/pages-api.runtime.dev.js:21:3955)
    at async DevServer.runApi (/home/viscon/campusguessr/node_modules/next/dist/server/next-server.js:598:9)
    at async NextNodeServer.handleCatchallRenderRequest (/home/viscon/campusguessr/node_modules/next/dist/server/next-server.js:269:37)
    at async DevServer.handleRequestImpl (/home/viscon/campusguessr/node_modules/next/dist/server/base-server.js:817:17)
    at async /home/viscon/campusguessr/node_modules/next/dist/server/dev/next-dev-server.js:339:20
    at async Span.traceAsyncFn (/home/viscon/campusguessr/node_modules/next/dist/trace/trace.js:154:20)
    at async DevServer.handleRequest (/home/viscon/campusguessr/node_modules/next/dist/server/dev/next-dev-server.js:336:24)
    at async invokeRender (/home/viscon/campusguessr/node_modules/next/dist/server/lib/router-server.js:173:21)
    at async handleRequest (/home/viscon/campusguessr/node_modules/next/dist/server/lib/router-server.js:350:24)
    at async requestHandlerImpl (/home/viscon/campusguessr/node_modules/next/dist/server/lib/router-server.js:374:13)
    at async Server.requestListener (/home/viscon/campusguessr/node_modules/next/dist/server/lib/start-server.js:141:13) {
  code: 'ECONNREFUSED',
  [errors]: [
    Error: connect ECONNREFUSED ::1:5432
        at createConnectionError (node:net:1648:14)
        at afterConnectMultiple (node:net:1678:16) {
      errno: -111,
      code: 'ECONNREFUSED',
      syscall: 'connect',
      address: '::1',
      port: 5432
    },
    Error: connect ECONNREFUSED 127.0.0.1:5432
        at createConnectionError (node:net:1648:14)
        at afterConnectMultiple (node:net:1678:16) {
      errno: -111,
      code: 'ECONNREFUSED',
      syscall: 'connect',
      address: '127.0.0.1',
      port: 5432
    }
  ]
}
 POST /api/loginOrRegister 500 in 9ms
Database error: AggregateError [ECONNREFUSED]: 
    at /home/viscon/campusguessr/node_modules/pg-pool/index.js:45:11
    at process.processTicksAndRejections (node:internal/process/task_queues:95:5)
    at async handler (webpack-internal:///(api)/./pages/api/loginOrRegister.js:21:28)
    at async K (/home/viscon/campusguessr/node_modules/next/dist/compiled/next-server/pages-api.runtime.dev.js:21:2871)
    at async U.render (/home/viscon/campusguessr/node_modules/next/dist/compiled/next-server/pages-api.runtime.dev.js:21:3955)
    at async DevServer.runApi (/home/viscon/campusguessr/node_modules/next/dist/server/next-server.js:598:9)
    at async NextNodeServer.handleCatchallRenderRequest (/home/viscon/campusguessr/node_modules/next/dist/server/next-server.js:269:37)
    at async DevServer.handleRequestImpl (/home/viscon/campusguessr/node_modules/next/dist/server/base-server.js:817:17)
    at async /home/viscon/campusguessr/node_modules/next/dist/server/dev/next-dev-server.js:339:20
    at async Span.traceAsyncFn (/home/viscon/campusguessr/node_modules/next/dist/trace/trace.js:154:20)
    at async DevServer.handleRequest (/home/viscon/campusguessr/node_modules/next/dist/server/dev/next-dev-server.js:336:24)
    at async invokeRender (/home/viscon/campusguessr/node_modules/next/dist/server/lib/router-server.js:173:21)
    at async handleRequest (/home/viscon/campusguessr/node_modules/next/dist/server/lib/router-server.js:350:24)
    at async requestHandlerImpl (/home/viscon/campusguessr/node_modules/next/dist/server/lib/router-server.js:374:13)
    at async Server.requestListener (/home/viscon/campusguessr/node_modules/next/dist/server/lib/start-server.js:141:13) {
  code: 'ECONNREFUSED',
  [errors]: [
    Error: connect ECONNREFUSED ::1:5432
        at createConnectionError (node:net:1648:14)
        at afterConnectMultiple (node:net:1678:16) {
      errno: -111,
      code: 'ECONNREFUSED',
      syscall: 'connect',
      address: '::1',
      port: 5432
    },
    Error: connect ECONNREFUSED 127.0.0.1:5432
        at createConnectionError (node:net:1648:14)
        at afterConnectMultiple (node:net:1678:16) {
      errno: -111,
      code: 'ECONNREFUSED',
      syscall: 'connect',
      address: '127.0.0.1',
      port: 5432
    }
  ]
}
 POST /api/loginOrRegister 500 in 6ms
Database error: AggregateError [ECONNREFUSED]: 
    at /home/viscon/campusguessr/node_modules/pg-pool/index.js:45:11
    at process.processTicksAndRejections (node:internal/process/task_queues:95:5)
    at async handler (webpack-internal:///(api)/./pages/api/loginOrRegister.js:21:28)
    at async K (/home/viscon/campusguessr/node_modules/next/dist/compiled/next-server/pages-api.runtime.dev.js:21:2871)
    at async U.render (/home/viscon/campusguessr/node_modules/next/dist/compiled/next-server/pages-api.runtime.dev.js:21:3955)
    at async DevServer.runApi (/home/viscon/campusguessr/node_modules/next/dist/server/next-server.js:598:9)
    at async NextNodeServer.handleCatchallRenderRequest (/home/viscon/campusguessr/node_modules/next/dist/server/next-server.js:269:37)
    at async DevServer.handleRequestImpl (/home/viscon/campusguessr/node_modules/next/dist/server/base-server.js:817:17)
    at async /home/viscon/campusguessr/node_modules/next/dist/server/dev/next-dev-server.js:339:20
    at async Span.traceAsyncFn (/home/viscon/campusguessr/node_modules/next/dist/trace/trace.js:154:20)
    at async DevServer.handleRequest (/home/viscon/campusguessr/node_modules/next/dist/server/dev/next-dev-server.js:336:24)
    at async invokeRender (/home/viscon/campusguessr/node_modules/next/dist/server/lib/router-server.js:173:21)
    at async handleRequest (/home/viscon/campusguessr/node_modules/next/dist/server/lib/router-server.js:350:24)
    at async requestHandlerImpl (/home/viscon/campusguessr/node_modules/next/dist/server/lib/router-server.js:374:13)
    at async Server.requestListener (/home/viscon/campusguessr/node_modules/next/dist/server/lib/start-server.js:141:13) {
  code: 'ECONNREFUSED',
  [errors]: [
    Error: connect ECONNREFUSED ::1:5432
        at createConnectionError (node:net:1648:14)
        at afterConnectMultiple (node:net:1678:16) {
      errno: -111,
      code: 'ECONNREFUSED',
      syscall: 'connect',
      address: '::1',
      port: 5432
    },
    Error: connect ECONNREFUSED 127.0.0.1:5432
        at createConnectionError (node:net:1648:14)
        at afterConnectMultiple (node:net:1678:16) {
      errno: -111,
      code: 'ECONNREFUSED',
      syscall: 'connect',
      address: '127.0.0.1',
      port: 5432
    }
  ]
}
 POST /api/loginOrRegister 500 in 12ms
Database error: AggregateError [ECONNREFUSED]: 
    at /home/viscon/campusguessr/node_modules/pg-pool/index.js:45:11
    at process.processTicksAndRejections (node:internal/process/task_queues:95:5)
    at async handler (webpack-internal:///(api)/./pages/api/loginOrRegister.js:21:28)
    at async K (/home/viscon/campusguessr/node_modules/next/dist/compiled/next-server/pages-api.runtime.dev.js:21:2871)
    at async U.render (/home/viscon/campusguessr/node_modules/next/dist/compiled/next-server/pages-api.runtime.dev.js:21:3955)
    at async DevServer.runApi (/home/viscon/campusguessr/node_modules/next/dist/server/next-server.js:598:9)
    at async NextNodeServer.handleCatchallRenderRequest (/home/viscon/campusguessr/node_modules/next/dist/server/next-server.js:269:37)
    at async DevServer.handleRequestImpl (/home/viscon/campusguessr/node_modules/next/dist/server/base-server.js:817:17)
    at async /home/viscon/campusguessr/node_modules/next/dist/server/dev/next-dev-server.js:339:20
    at async Span.traceAsyncFn (/home/viscon/campusguessr/node_modules/next/dist/trace/trace.js:154:20)
    at async DevServer.handleRequest (/home/viscon/campusguessr/node_modules/next/dist/server/dev/next-dev-server.js:336:24)
    at async invokeRender (/home/viscon/campusguessr/node_modules/next/dist/server/lib/router-server.js:173:21)
    at async handleRequest (/home/viscon/campusguessr/node_modules/next/dist/server/lib/router-server.js:350:24)
    at async requestHandlerImpl (/home/viscon/campusguessr/node_modules/next/dist/server/lib/router-server.js:374:13)
    at async Server.requestListener (/home/viscon/campusguessr/node_modules/next/dist/server/lib/start-server.js:141:13) {
  code: 'ECONNREFUSED',
  [errors]: [
    Error: connect ECONNREFUSED ::1:5432
        at createConnectionError (node:net:1648:14)
        at afterConnectMultiple (node:net:1678:16) {
      errno: -111,
      code: 'ECONNREFUSED',
      syscall: 'connect',
      address: '::1',
      port: 5432
    },
    Error: connect ECONNREFUSED 127.0.0.1:5432
        at createConnectionError (node:net:1648:14)
        at afterConnectMultiple (node:net:1678:16) {
      errno: -111,
      code: 'ECONNREFUSED',
      syscall: 'connect',
      address: '127.0.0.1',
      port: 5432
    }
  ]
}
 POST /api/loginOrRegister 500 in 4ms
Database error: AggregateError [ECONNREFUSED]: 
    at /home/viscon/campusguessr/node_modules/pg-pool/index.js:45:11
    at process.processTicksAndRejections (node:internal/process/task_queues:95:5)
    at async handler (webpack-internal:///(api)/./pages/api/loginOrRegister.js:21:28)
    at async K (/home/viscon/campusguessr/node_modules/next/dist/compiled/next-server/pages-api.runtime.dev.js:21:2871)
    at async U.render (/home/viscon/campusguessr/node_modules/next/dist/compiled/next-server/pages-api.runtime.dev.js:21:3955)
    at async DevServer.runApi (/home/viscon/campusguessr/node_modules/next/dist/server/next-server.js:598:9)
    at async NextNodeServer.handleCatchallRenderRequest (/home/viscon/campusguessr/node_modules/next/dist/server/next-server.js:269:37)
    at async DevServer.handleRequestImpl (/home/viscon/campusguessr/node_modules/next/dist/server/base-server.js:817:17)
    at async /home/viscon/campusguessr/node_modules/next/dist/server/dev/next-dev-server.js:339:20
    at async Span.traceAsyncFn (/home/viscon/campusguessr/node_modules/next/dist/trace/trace.js:154:20)
    at async DevServer.handleRequest (/home/viscon/campusguessr/node_modules/next/dist/server/dev/next-dev-server.js:336:24)
    at async invokeRender (/home/viscon/campusguessr/node_modules/next/dist/server/lib/router-server.js:173:21)
    at async handleRequest (/home/viscon/campusguessr/node_modules/next/dist/server/lib/router-server.js:350:24)
    at async requestHandlerImpl (/home/viscon/campusguessr/node_modules/next/dist/server/lib/router-server.js:374:13)
    at async Server.requestListener (/home/viscon/campusguessr/node_modules/next/dist/server/lib/start-server.js:141:13) {
  code: 'ECONNREFUSED',
  [errors]: [
    Error: connect ECONNREFUSED ::1:5432
        at createConnectionError (node:net:1648:14)
        at afterConnectMultiple (node:net:1678:16) {
      errno: -111,
      code: 'ECONNREFUSED',
      syscall: 'connect',
      address: '::1',
      port: 5432
    },
    Error: connect ECONNREFUSED 127.0.0.1:5432
        at createConnectionError (node:net:1648:14)
        at afterConnectMultiple (node:net:1678:16) {
      errno: -111,
      code: 'ECONNREFUSED',
      syscall: 'connect',
      address: '127.0.0.1',
      port: 5432
    }
  ]
}
 POST /api/loginOrRegister 500 in 11ms
 ✓ Compiled /select in 332ms (421 modules)
 GET /select 200 in 490ms
 ✓ Compiled /api/getBuildings in 88ms (173 modules)
 GET /api/getBuildings 200 in 102ms
 ✓ Compiled /api/getFloors in 99ms (175 modules)
 GET /api/getFloors?building=HG 200 in 114ms
 ✓ Compiled /game in 239ms (447 modules)
 ✓ Compiled /api/startRound in 484ms (177 modules)
Database error: AggregateError [ECONNREFUSED]: 
    at /home/viscon/campusguessr/node_modules/pg-pool/index.js:45:11
    at process.processTicksAndRejections (node:internal/process/task_queues:95:5)
    at async handler (webpack-internal:///(api)/./pages/api/startRound.js:19:27)
    at async K (/home/viscon/campusguessr/node_modules/next/dist/compiled/next-server/pages-api.runtime.dev.js:21:2871)
    at async U.render (/home/viscon/campusguessr/node_modules/next/dist/compiled/next-server/pages-api.runtime.dev.js:21:3955)
    at async DevServer.runApi (/home/viscon/campusguessr/node_modules/next/dist/server/next-server.js:598:9)
    at async NextNodeServer.handleCatchallRenderRequest (/home/viscon/campusguessr/node_modules/next/dist/server/next-server.js:269:37)
    at async DevServer.handleRequestImpl (/home/viscon/campusguessr/node_modules/next/dist/server/base-server.js:817:17)
    at async /home/viscon/campusguessr/node_modules/next/dist/server/dev/next-dev-server.js:339:20
    at async Span.traceAsyncFn (/home/viscon/campusguessr/node_modules/next/dist/trace/trace.js:154:20)
    at async DevServer.handleRequest (/home/viscon/campusguessr/node_modules/next/dist/server/dev/next-dev-server.js:336:24)
    at async invokeRender (/home/viscon/campusguessr/node_modules/next/dist/server/lib/router-server.js:173:21)
    at async handleRequest (/home/viscon/campusguessr/node_modules/next/dist/server/lib/router-server.js:350:24)
    at async requestHandlerImpl (/home/viscon/campusguessr/node_modules/next/dist/server/lib/router-server.js:374:13)
    at async Server.requestListener (/home/viscon/campusguessr/node_modules/next/dist/server/lib/start-server.js:141:13) {
  code: 'ECONNREFUSED',
  [errors]: [
    Error: connect ECONNREFUSED ::1:5432
        at createConnectionError (node:net:1648:14)
        at afterConnectMultiple (node:net:1678:16) {
      errno: -111,
      code: 'ECONNREFUSED',
      syscall: 'connect',
      address: '::1',
      port: 5432
    },
    Error: connect ECONNREFUSED 127.0.0.1:5432
        at createConnectionError (node:net:1648:14)
        at afterConnectMultiple (node:net:1678:16) {
      errno: -111,
      code: 'ECONNREFUSED',
      syscall: 'connect',
      address: '127.0.0.1',
      port: 5432
    }
  ]
}
 POST /api/startRound 500 in 505ms
 GET / 200 in 109ms
 GET /api/getBuildings 304 in 8ms
 GET /api/getFloors?building=HG 304 in 9ms
Database error: AggregateError [ECONNREFUSED]: 
    at /home/viscon/campusguessr/node_modules/pg-pool/index.js:45:11
    at process.processTicksAndRejections (node:internal/process/task_queues:95:5)
    at async handler (webpack-internal:///(api)/./pages/api/startRound.js:19:27)
    at async K (/home/viscon/campusguessr/node_modules/next/dist/compiled/next-server/pages-api.runtime.dev.js:21:2871)
    at async U.render (/home/viscon/campusguessr/node_modules/next/dist/compiled/next-server/pages-api.runtime.dev.js:21:3955)
    at async DevServer.runApi (/home/viscon/campusguessr/node_modules/next/dist/server/next-server.js:598:9)
    at async NextNodeServer.handleCatchallRenderRequest (/home/viscon/campusguessr/node_modules/next/dist/server/next-server.js:269:37)
    at async DevServer.handleRequestImpl (/home/viscon/campusguessr/node_modules/next/dist/server/base-server.js:817:17)
    at async /home/viscon/campusguessr/node_modules/next/dist/server/dev/next-dev-server.js:339:20
    at async Span.traceAsyncFn (/home/viscon/campusguessr/node_modules/next/dist/trace/trace.js:154:20)
    at async DevServer.handleRequest (/home/viscon/campusguessr/node_modules/next/dist/server/dev/next-dev-server.js:336:24)
    at async invokeRender (/home/viscon/campusguessr/node_modules/next/dist/server/lib/router-server.js:173:21)
    at async handleRequest (/home/viscon/campusguessr/node_modules/next/dist/server/lib/router-server.js:350:24)
    at async requestHandlerImpl (/home/viscon/campusguessr/node_modules/next/dist/server/lib/router-server.js:374:13)
    at async Server.requestListener (/home/viscon/campusguessr/node_modules/next/dist/server/lib/start-server.js:141:13) {
  code: 'ECONNREFUSED',
  [errors]: [
    Error: connect ECONNREFUSED ::1:5432
        at createConnectionError (node:net:1648:14)
        at afterConnectMultiple (node:net:1678:16) {
      errno: -111,
      code: 'ECONNREFUSED',
      syscall: 'connect',
      address: '::1',
      port: 5432
    },
    Error: connect ECONNREFUSED 127.0.0.1:5432
        at createConnectionError (node:net:1648:14)
        at afterConnectMultiple (node:net:1678:16) {
      errno: -111,
      code: 'ECONNREFUSED',
      syscall: 'connect',
      address: '127.0.0.1',
      port: 5432
    }
  ]
}
 POST /api/startRound 500 in 6ms
Database error: AggregateError [ECONNREFUSED]: 
    at /home/viscon/campusguessr/node_modules/pg-pool/index.js:45:11
    at process.processTicksAndRejections (node:internal/process/task_queues:95:5)
    at async handler (webpack-internal:///(api)/./pages/api/startRound.js:19:27)
    at async K (/home/viscon/campusguessr/node_modules/next/dist/compiled/next-server/pages-api.runtime.dev.js:21:2871)
    at async U.render (/home/viscon/campusguessr/node_modules/next/dist/compiled/next-server/pages-api.runtime.dev.js:21:3955)
    at async DevServer.runApi (/home/viscon/campusguessr/node_modules/next/dist/server/next-server.js:598:9)
    at async NextNodeServer.handleCatchallRenderRequest (/home/viscon/campusguessr/node_modules/next/dist/server/next-server.js:269:37)
    at async DevServer.handleRequestImpl (/home/viscon/campusguessr/node_modules/next/dist/server/base-server.js:817:17)
    at async /home/viscon/campusguessr/node_modules/next/dist/server/dev/next-dev-server.js:339:20
    at async Span.traceAsyncFn (/home/viscon/campusguessr/node_modules/next/dist/trace/trace.js:154:20)
    at async DevServer.handleRequest (/home/viscon/campusguessr/node_modules/next/dist/server/dev/next-dev-server.js:336:24)
    at async invokeRender (/home/viscon/campusguessr/node_modules/next/dist/server/lib/router-server.js:173:21)
    at async handleRequest (/home/viscon/campusguessr/node_modules/next/dist/server/lib/router-server.js:350:24)
    at async requestHandlerImpl (/home/viscon/campusguessr/node_modules/next/dist/server/lib/router-server.js:374:13)
    at async Server.requestListener (/home/viscon/campusguessr/node_modules/next/dist/server/lib/start-server.js:141:13) {
  code: 'ECONNREFUSED',
  [errors]: [
    Error: connect ECONNREFUSED ::1:5432
        at createConnectionError (node:net:1648:14)
        at afterConnectMultiple (node:net:1678:16) {
      errno: -111,
      code: 'ECONNREFUSED',
      syscall: 'connect',
      address: '::1',
      port: 5432
    },
    Error: connect ECONNREFUSED 127.0.0.1:5432
        at createConnectionError (node:net:1648:14)
        at afterConnectMultiple (node:net:1678:16) {
      errno: -111,
      code: 'ECONNREFUSED',
      syscall: 'connect',
      address: '127.0.0.1',
      port: 5432
    }
  ]
}
 POST /api/startRound 500 in 7ms
Database error: AggregateError [ECONNREFUSED]: 
    at /home/viscon/campusguessr/node_modules/pg-pool/index.js:45:11
    at process.processTicksAndRejections (node:internal/process/task_queues:95:5)
    at async handler (webpack-internal:///(api)/./pages/api/startRound.js:19:27)
    at async K (/home/viscon/campusguessr/node_modules/next/dist/compiled/next-server/pages-api.runtime.dev.js:21:2871)
    at async U.render (/home/viscon/campusguessr/node_modules/next/dist/compiled/next-server/pages-api.runtime.dev.js:21:3955)
    at async DevServer.runApi (/home/viscon/campusguessr/node_modules/next/dist/server/next-server.js:598:9)
    at async NextNodeServer.handleCatchallRenderRequest (/home/viscon/campusguessr/node_modules/next/dist/server/next-server.js:269:37)
    at async DevServer.handleRequestImpl (/home/viscon/campusguessr/node_modules/next/dist/server/base-server.js:817:17)
    at async /home/viscon/campusguessr/node_modules/next/dist/server/dev/next-dev-server.js:339:20
    at async Span.traceAsyncFn (/home/viscon/campusguessr/node_modules/next/dist/trace/trace.js:154:20)
    at async DevServer.handleRequest (/home/viscon/campusguessr/node_modules/next/dist/server/dev/next-dev-server.js:336:24)
    at async invokeRender (/home/viscon/campusguessr/node_modules/next/dist/server/lib/router-server.js:173:21)
    at async handleRequest (/home/viscon/campusguessr/node_modules/next/dist/server/lib/router-server.js:350:24)
    at async requestHandlerImpl (/home/viscon/campusguessr/node_modules/next/dist/server/lib/router-server.js:374:13)
    at async Server.requestListener (/home/viscon/campusguessr/node_modules/next/dist/server/lib/start-server.js:141:13) {
  code: 'ECONNREFUSED',
  [errors]: [
    Error: connect ECONNREFUSED ::1:5432
        at createConnectionError (node:net:1648:14)
        at afterConnectMultiple (node:net:1678:16) {
      errno: -111,
      code: 'ECONNREFUSED',
      syscall: 'connect',
      address: '::1',
      port: 5432
    },
    Error: connect ECONNREFUSED 127.0.0.1:5432
        at createConnectionError (node:net:1648:14)
        at afterConnectMultiple (node:net:1678:16) {
      errno: -111,
      code: 'ECONNREFUSED',
      syscall: 'connect',
      address: '127.0.0.1',
      port: 5432
    }
  ]
}
 POST /api/startRound 500 in 7ms
Database error: AggregateError [ECONNREFUSED]: 
    at /home/viscon/campusguessr/node_modules/pg-pool/index.js:45:11
    at process.processTicksAndRejections (node:internal/process/task_queues:95:5)
    at async handler (webpack-internal:///(api)/./pages/api/startRound.js:19:27)
    at async K (/home/viscon/campusguessr/node_modules/next/dist/compiled/next-server/pages-api.runtime.dev.js:21:2871)
    at async U.render (/home/viscon/campusguessr/node_modules/next/dist/compiled/next-server/pages-api.runtime.dev.js:21:3955)
    at async DevServer.runApi (/home/viscon/campusguessr/node_modules/next/dist/server/next-server.js:598:9)
    at async NextNodeServer.handleCatchallRenderRequest (/home/viscon/campusguessr/node_modules/next/dist/server/next-server.js:269:37)
    at async DevServer.handleRequestImpl (/home/viscon/campusguessr/node_modules/next/dist/server/base-server.js:817:17)
    at async /home/viscon/campusguessr/node_modules/next/dist/server/dev/next-dev-server.js:339:20
    at async Span.traceAsyncFn (/home/viscon/campusguessr/node_modules/next/dist/trace/trace.js:154:20)
    at async DevServer.handleRequest (/home/viscon/campusguessr/node_modules/next/dist/server/dev/next-dev-server.js:336:24)
    at async invokeRender (/home/viscon/campusguessr/node_modules/next/dist/server/lib/router-server.js:173:21)
    at async handleRequest (/home/viscon/campusguessr/node_modules/next/dist/server/lib/router-server.js:350:24)
    at async requestHandlerImpl (/home/viscon/campusguessr/node_modules/next/dist/server/lib/router-server.js:374:13)
    at async Server.requestListener (/home/viscon/campusguessr/node_modules/next/dist/server/lib/start-server.js:141:13) {
  code: 'ECONNREFUSED',
  [errors]: [
    Error: connect ECONNREFUSED ::1:5432
        at createConnectionError (node:net:1648:14)
        at afterConnectMultiple (node:net:1678:16) {
      errno: -111,
      code: 'ECONNREFUSED',
      syscall: 'connect',
      address: '::1',
      port: 5432
    },
    Error: connect ECONNREFUSED 127.0.0.1:5432
        at createConnectionError (node:net:1648:14)
        at afterConnectMultiple (node:net:1678:16) {
      errno: -111,
      code: 'ECONNREFUSED',
      syscall: 'connect',
      address: '127.0.0.1',
      port: 5432
    }
  ]
}
 POST /api/startRound 500 in 11ms
 GET /api/getBuildings 304 in 3ms
 GET /api/getFloors?building=HG 304 in 8ms
Database error: AggregateError [ECONNREFUSED]: 
    at /home/viscon/campusguessr/node_modules/pg-pool/index.js:45:11
    at process.processTicksAndRejections (node:internal/process/task_queues:95:5)
    at async handler (webpack-internal:///(api)/./pages/api/startRound.js:19:27)
    at async K (/home/viscon/campusguessr/node_modules/next/dist/compiled/next-server/pages-api.runtime.dev.js:21:2871)
    at async U.render (/home/viscon/campusguessr/node_modules/next/dist/compiled/next-server/pages-api.runtime.dev.js:21:3955)
    at async DevServer.runApi (/home/viscon/campusguessr/node_modules/next/dist/server/next-server.js:598:9)
    at async NextNodeServer.handleCatchallRenderRequest (/home/viscon/campusguessr/node_modules/next/dist/server/next-server.js:269:37)
    at async DevServer.handleRequestImpl (/home/viscon/campusguessr/node_modules/next/dist/server/base-server.js:817:17)
    at async /home/viscon/campusguessr/node_modules/next/dist/server/dev/next-dev-server.js:339:20
    at async Span.traceAsyncFn (/home/viscon/campusguessr/node_modules/next/dist/trace/trace.js:154:20)
    at async DevServer.handleRequest (/home/viscon/campusguessr/node_modules/next/dist/server/dev/next-dev-server.js:336:24)
    at async invokeRender (/home/viscon/campusguessr/node_modules/next/dist/server/lib/router-server.js:173:21)
    at async handleRequest (/home/viscon/campusguessr/node_modules/next/dist/server/lib/router-server.js:350:24)
    at async requestHandlerImpl (/home/viscon/campusguessr/node_modules/next/dist/server/lib/router-server.js:374:13)
    at async Server.requestListener (/home/viscon/campusguessr/node_modules/next/dist/server/lib/start-server.js:141:13) {
  code: 'ECONNREFUSED',
  [errors]: [
    Error: connect ECONNREFUSED ::1:5432
        at createConnectionError (node:net:1648:14)
        at afterConnectMultiple (node:net:1678:16) {
      errno: -111,
      code: 'ECONNREFUSED',
      syscall: 'connect',
      address: '::1',
      port: 5432
    },
    Error: connect ECONNREFUSED 127.0.0.1:5432
        at createConnectionError (node:net:1648:14)
        at afterConnectMultiple (node:net:1678:16) {
      errno: -111,
      code: 'ECONNREFUSED',
      syscall: 'connect',
      address: '127.0.0.1',
      port: 5432
    }
  ]
}
 POST /api/startRound 500 in 13ms
Database error: AggregateError [ECONNREFUSED]: 
    at /home/viscon/campusguessr/node_modules/pg-pool/index.js:45:11
    at process.processTicksAndRejections (node:internal/process/task_queues:95:5)
    at async handler (webpack-internal:///(api)/./pages/api/startRound.js:19:27)
    at async K (/home/viscon/campusguessr/node_modules/next/dist/compiled/next-server/pages-api.runtime.dev.js:21:2871)
    at async U.render (/home/viscon/campusguessr/node_modules/next/dist/compiled/next-server/pages-api.runtime.dev.js:21:3955)
    at async DevServer.runApi (/home/viscon/campusguessr/node_modules/next/dist/server/next-server.js:598:9)
    at async NextNodeServer.handleCatchallRenderRequest (/home/viscon/campusguessr/node_modules/next/dist/server/next-server.js:269:37)
    at async DevServer.handleRequestImpl (/home/viscon/campusguessr/node_modules/next/dist/server/base-server.js:817:17)
    at async /home/viscon/campusguessr/node_modules/next/dist/server/dev/next-dev-server.js:339:20
    at async Span.traceAsyncFn (/home/viscon/campusguessr/node_modules/next/dist/trace/trace.js:154:20)
    at async DevServer.handleRequest (/home/viscon/campusguessr/node_modules/next/dist/server/dev/next-dev-server.js:336:24)
    at async invokeRender (/home/viscon/campusguessr/node_modules/next/dist/server/lib/router-server.js:173:21)
    at async handleRequest (/home/viscon/campusguessr/node_modules/next/dist/server/lib/router-server.js:350:24)
    at async requestHandlerImpl (/home/viscon/campusguessr/node_modules/next/dist/server/lib/router-server.js:374:13)
    at async Server.requestListener (/home/viscon/campusguessr/node_modules/next/dist/server/lib/start-server.js:141:13) {
  code: 'ECONNREFUSED',
  [errors]: [
    Error: connect ECONNREFUSED ::1:5432
        at createConnectionError (node:net:1648:14)
        at afterConnectMultiple (node:net:1678:16) {
      errno: -111,
      code: 'ECONNREFUSED',
      syscall: 'connect',
      address: '::1',
      port: 5432
    },
    Error: connect ECONNREFUSED 127.0.0.1:5432
        at createConnectionError (node:net:1648:14)
        at afterConnectMultiple (node:net:1678:16) {
      errno: -111,
      code: 'ECONNREFUSED',
      syscall: 'connect',
      address: '127.0.0.1',
      port: 5432
    }
  ]
}
 POST /api/startRound 500 in 9ms
Database error: AggregateError [ECONNREFUSED]: 
    at /home/viscon/campusguessr/node_modules/pg-pool/index.js:45:11
    at process.processTicksAndRejections (node:internal/process/task_queues:95:5)
    at async handler (webpack-internal:///(api)/./pages/api/startRound.js:19:27)
    at async K (/home/viscon/campusguessr/node_modules/next/dist/compiled/next-server/pages-api.runtime.dev.js:21:2871)
    at async U.render (/home/viscon/campusguessr/node_modules/next/dist/compiled/next-server/pages-api.runtime.dev.js:21:3955)
    at async DevServer.runApi (/home/viscon/campusguessr/node_modules/next/dist/server/next-server.js:598:9)
    at async NextNodeServer.handleCatchallRenderRequest (/home/viscon/campusguessr/node_modules/next/dist/server/next-server.js:269:37)
    at async DevServer.handleRequestImpl (/home/viscon/campusguessr/node_modules/next/dist/server/base-server.js:817:17)
    at async /home/viscon/campusguessr/node_modules/next/dist/server/dev/next-dev-server.js:339:20
    at async Span.traceAsyncFn (/home/viscon/campusguessr/node_modules/next/dist/trace/trace.js:154:20)
    at async DevServer.handleRequest (/home/viscon/campusguessr/node_modules/next/dist/server/dev/next-dev-server.js:336:24)
    at async invokeRender (/home/viscon/campusguessr/node_modules/next/dist/server/lib/router-server.js:173:21)
    at async handleRequest (/home/viscon/campusguessr/node_modules/next/dist/server/lib/router-server.js:350:24)
    at async requestHandlerImpl (/home/viscon/campusguessr/node_modules/next/dist/server/lib/router-server.js:374:13)
    at async Server.requestListener (/home/viscon/campusguessr/node_modules/next/dist/server/lib/start-server.js:141:13) {
  code: 'ECONNREFUSED',
  [errors]: [
    Error: connect ECONNREFUSED ::1:5432
        at createConnectionError (node:net:1648:14)
        at afterConnectMultiple (node:net:1678:16) {
      errno: -111,
      code: 'ECONNREFUSED',
      syscall: 'connect',
      address: '::1',
      port: 5432
    },
    Error: connect ECONNREFUSED 127.0.0.1:5432
        at createConnectionError (node:net:1648:14)
        at afterConnectMultiple (node:net:1678:16) {
      errno: -111,
      code: 'ECONNREFUSED',
      syscall: 'connect',
      address: '127.0.0.1',
      port: 5432
    }
  ]
}
 POST /api/startRound 500 in 4ms
 GET /game?building=HG&floor=ALL 200 in 30ms
Database error: AggregateError [ECONNREFUSED]: 
    at /home/viscon/campusguessr/node_modules/pg-pool/index.js:45:11
    at process.processTicksAndRejections (node:internal/process/task_queues:95:5)
    at async handler (webpack-internal:///(api)/./pages/api/startRound.js:19:27)
    at async K (/home/viscon/campusguessr/node_modules/next/dist/compiled/next-server/pages-api.runtime.dev.js:21:2871)
    at async U.render (/home/viscon/campusguessr/node_modules/next/dist/compiled/next-server/pages-api.runtime.dev.js:21:3955)
    at async DevServer.runApi (/home/viscon/campusguessr/node_modules/next/dist/server/next-server.js:598:9)
    at async NextNodeServer.handleCatchallRenderRequest (/home/viscon/campusguessr/node_modules/next/dist/server/next-server.js:269:37)
    at async DevServer.handleRequestImpl (/home/viscon/campusguessr/node_modules/next/dist/server/base-server.js:817:17)
    at async /home/viscon/campusguessr/node_modules/next/dist/server/dev/next-dev-server.js:339:20
    at async Span.traceAsyncFn (/home/viscon/campusguessr/node_modules/next/dist/trace/trace.js:154:20)
    at async DevServer.handleRequest (/home/viscon/campusguessr/node_modules/next/dist/server/dev/next-dev-server.js:336:24)
    at async invokeRender (/home/viscon/campusguessr/node_modules/next/dist/server/lib/router-server.js:173:21)
    at async handleRequest (/home/viscon/campusguessr/node_modules/next/dist/server/lib/router-server.js:350:24)
    at async requestHandlerImpl (/home/viscon/campusguessr/node_modules/next/dist/server/lib/router-server.js:374:13)
    at async Server.requestListener (/home/viscon/campusguessr/node_modules/next/dist/server/lib/start-server.js:141:13) {
  code: 'ECONNREFUSED',
  [errors]: [
    Error: connect ECONNREFUSED ::1:5432
        at createConnectionError (node:net:1648:14)
        at afterConnectMultiple (node:net:1678:16) {
      errno: -111,
      code: 'ECONNREFUSED',
      syscall: 'connect',
      address: '::1',
      port: 5432
    },
    Error: connect ECONNREFUSED 127.0.0.1:5432
        at createConnectionError (node:net:1648:14)
        at afterConnectMultiple (node:net:1678:16) {
      errno: -111,
      code: 'ECONNREFUSED',
      syscall: 'connect',
      address: '127.0.0.1',
      port: 5432
    }
  ]
}
 POST /api/startRound 500 in 7ms
Database error: AggregateError [ECONNREFUSED]: 
    at /home/viscon/campusguessr/node_modules/pg-pool/index.js:45:11
    at process.processTicksAndRejections (node:internal/process/task_queues:95:5)
    at async handler (webpack-internal:///(api)/./pages/api/startRound.js:19:27)
    at async K (/home/viscon/campusguessr/node_modules/next/dist/compiled/next-server/pages-api.runtime.dev.js:21:2871)
    at async U.render (/home/viscon/campusguessr/node_modules/next/dist/compiled/next-server/pages-api.runtime.dev.js:21:3955)
    at async DevServer.runApi (/home/viscon/campusguessr/node_modules/next/dist/server/next-server.js:598:9)
    at async NextNodeServer.handleCatchallRenderRequest (/home/viscon/campusguessr/node_modules/next/dist/server/next-server.js:269:37)
    at async DevServer.handleRequestImpl (/home/viscon/campusguessr/node_modules/next/dist/server/base-server.js:817:17)
    at async /home/viscon/campusguessr/node_modules/next/dist/server/dev/next-dev-server.js:339:20
    at async Span.traceAsyncFn (/home/viscon/campusguessr/node_modules/next/dist/trace/trace.js:154:20)
    at async DevServer.handleRequest (/home/viscon/campusguessr/node_modules/next/dist/server/dev/next-dev-server.js:336:24)
    at async invokeRender (/home/viscon/campusguessr/node_modules/next/dist/server/lib/router-server.js:173:21)
    at async handleRequest (/home/viscon/campusguessr/node_modules/next/dist/server/lib/router-server.js:350:24)
    at async requestHandlerImpl (/home/viscon/campusguessr/node_modules/next/dist/server/lib/router-server.js:374:13)
    at async Server.requestListener (/home/viscon/campusguessr/node_modules/next/dist/server/lib/start-server.js:141:13) {
  code: 'ECONNREFUSED',
  [errors]: [
    Error: connect ECONNREFUSED ::1:5432
        at createConnectionError (node:net:1648:14)
        at afterConnectMultiple (node:net:1678:16) {
      errno: -111,
      code: 'ECONNREFUSED',
      syscall: 'connect',
      address: '::1',
      port: 5432
    },
    Error: connect ECONNREFUSED 127.0.0.1:5432
        at createConnectionError (node:net:1648:14)
        at afterConnectMultiple (node:net:1678:16) {
      errno: -111,
      code: 'ECONNREFUSED',
      syscall: 'connect',
      address: '127.0.0.1',
      port: 5432
    }
  ]
}
 POST /api/startRound 500 in 9ms
 GET /api/getBuildings 304 in 3ms
 GET /api/getFloors?building=HG 304 in 3ms
Database error: AggregateError [ECONNREFUSED]: 
    at /home/viscon/campusguessr/node_modules/pg-pool/index.js:45:11
    at process.processTicksAndRejections (node:internal/process/task_queues:95:5)
    at async handler (webpack-internal:///(api)/./pages/api/startRound.js:19:27)
    at async K (/home/viscon/campusguessr/node_modules/next/dist/compiled/next-server/pages-api.runtime.dev.js:21:2871)
    at async U.render (/home/viscon/campusguessr/node_modules/next/dist/compiled/next-server/pages-api.runtime.dev.js:21:3955)
    at async DevServer.runApi (/home/viscon/campusguessr/node_modules/next/dist/server/next-server.js:598:9)
    at async NextNodeServer.handleCatchallRenderRequest (/home/viscon/campusguessr/node_modules/next/dist/server/next-server.js:269:37)
    at async DevServer.handleRequestImpl (/home/viscon/campusguessr/node_modules/next/dist/server/base-server.js:817:17)
    at async /home/viscon/campusguessr/node_modules/next/dist/server/dev/next-dev-server.js:339:20
    at async Span.traceAsyncFn (/home/viscon/campusguessr/node_modules/next/dist/trace/trace.js:154:20)
    at async DevServer.handleRequest (/home/viscon/campusguessr/node_modules/next/dist/server/dev/next-dev-server.js:336:24)
    at async invokeRender (/home/viscon/campusguessr/node_modules/next/dist/server/lib/router-server.js:173:21)
    at async handleRequest (/home/viscon/campusguessr/node_modules/next/dist/server/lib/router-server.js:350:24)
    at async requestHandlerImpl (/home/viscon/campusguessr/node_modules/next/dist/server/lib/router-server.js:374:13)
    at async Server.requestListener (/home/viscon/campusguessr/node_modules/next/dist/server/lib/start-server.js:141:13) {
  code: 'ECONNREFUSED',
  [errors]: [
    Error: connect ECONNREFUSED ::1:5432
        at createConnectionError (node:net:1648:14)
        at afterConnectMultiple (node:net:1678:16) {
      errno: -111,
      code: 'ECONNREFUSED',
      syscall: 'connect',
      address: '::1',
      port: 5432
    },
    Error: connect ECONNREFUSED 127.0.0.1:5432
        at createConnectionError (node:net:1648:14)
        at afterConnectMultiple (node:net:1678:16) {
      errno: -111,
      code: 'ECONNREFUSED',
      syscall: 'connect',
      address: '127.0.0.1',
      port: 5432
    }
  ]
}
 POST /api/startRound 500 in 7ms
 GET /game?building=HG&floor=B 200 in 22ms
Database error: AggregateError [ECONNREFUSED]: 
    at /home/viscon/campusguessr/node_modules/pg-pool/index.js:45:11
    at process.processTicksAndRejections (node:internal/process/task_queues:95:5)
    at async handler (webpack-internal:///(api)/./pages/api/startRound.js:19:27)
    at async K (/home/viscon/campusguessr/node_modules/next/dist/compiled/next-server/pages-api.runtime.dev.js:21:2871)
    at async U.render (/home/viscon/campusguessr/node_modules/next/dist/compiled/next-server/pages-api.runtime.dev.js:21:3955)
    at async DevServer.runApi (/home/viscon/campusguessr/node_modules/next/dist/server/next-server.js:598:9)
    at async NextNodeServer.handleCatchallRenderRequest (/home/viscon/campusguessr/node_modules/next/dist/server/next-server.js:269:37)
    at async DevServer.handleRequestImpl (/home/viscon/campusguessr/node_modules/next/dist/server/base-server.js:817:17)
    at async /home/viscon/campusguessr/node_modules/next/dist/server/dev/next-dev-server.js:339:20
    at async Span.traceAsyncFn (/home/viscon/campusguessr/node_modules/next/dist/trace/trace.js:154:20)
    at async DevServer.handleRequest (/home/viscon/campusguessr/node_modules/next/dist/server/dev/next-dev-server.js:336:24)
    at async invokeRender (/home/viscon/campusguessr/node_modules/next/dist/server/lib/router-server.js:173:21)
    at async handleRequest (/home/viscon/campusguessr/node_modules/next/dist/server/lib/router-server.js:350:24)
    at async requestHandlerImpl (/home/viscon/campusguessr/node_modules/next/dist/server/lib/router-server.js:374:13)
    at async Server.requestListener (/home/viscon/campusguessr/node_modules/next/dist/server/lib/start-server.js:141:13) {
  code: 'ECONNREFUSED',
  [errors]: [
    Error: connect ECONNREFUSED ::1:5432
        at createConnectionError (node:net:1648:14)
        at afterConnectMultiple (node:net:1678:16) {
      errno: -111,
      code: 'ECONNREFUSED',
      syscall: 'connect',
      address: '::1',
      port: 5432
    },
    Error: connect ECONNREFUSED 127.0.0.1:5432
        at createConnectionError (node:net:1648:14)
        at afterConnectMultiple (node:net:1678:16) {
      errno: -111,
      code: 'ECONNREFUSED',
      syscall: 'connect',
      address: '127.0.0.1',
      port: 5432
    }
  ]
}
 POST /api/startRound 500 in 11ms

Could not open game.jsx in the editor.
The editor process exited with an error: Terminal editors can only be used on macOS.

To set up the editor integration, add something like REACT_EDITOR=atom to the .env.local file in your project folder and restart the development server.

 GET / 200 in 51ms
Database error: AggregateError [ECONNREFUSED]: 
    at /home/viscon/campusguessr/node_modules/pg-pool/index.js:45:11
    at process.processTicksAndRejections (node:internal/process/task_queues:95:5)
    at async handler (webpack-internal:///(api)/./pages/api/loginOrRegister.js:21:28)
    at async K (/home/viscon/campusguessr/node_modules/next/dist/compiled/next-server/pages-api.runtime.dev.js:21:2871)
    at async U.render (/home/viscon/campusguessr/node_modules/next/dist/compiled/next-server/pages-api.runtime.dev.js:21:3955)
    at async DevServer.runApi (/home/viscon/campusguessr/node_modules/next/dist/server/next-server.js:598:9)
    at async NextNodeServer.handleCatchallRenderRequest (/home/viscon/campusguessr/node_modules/next/dist/server/next-server.js:269:37)
    at async DevServer.handleRequestImpl (/home/viscon/campusguessr/node_modules/next/dist/server/base-server.js:817:17)
    at async /home/viscon/campusguessr/node_modules/next/dist/server/dev/next-dev-server.js:339:20
    at async Span.traceAsyncFn (/home/viscon/campusguessr/node_modules/next/dist/trace/trace.js:154:20)
    at async DevServer.handleRequest (/home/viscon/campusguessr/node_modules/next/dist/server/dev/next-dev-server.js:336:24)
    at async invokeRender (/home/viscon/campusguessr/node_modules/next/dist/server/lib/router-server.js:173:21)
    at async handleRequest (/home/viscon/campusguessr/node_modules/next/dist/server/lib/router-server.js:350:24)
    at async requestHandlerImpl (/home/viscon/campusguessr/node_modules/next/dist/server/lib/router-server.js:374:13)
    at async Server.requestListener (/home/viscon/campusguessr/node_modules/next/dist/server/lib/start-server.js:141:13) {
  code: 'ECONNREFUSED',
  [errors]: [
    Error: connect ECONNREFUSED ::1:5432
        at createConnectionError (node:net:1648:14)
        at afterConnectMultiple (node:net:1678:16) {
      errno: -111,
      code: 'ECONNREFUSED',
      syscall: 'connect',
      address: '::1',
      port: 5432
    },
    Error: connect ECONNREFUSED 127.0.0.1:5432
        at createConnectionError (node:net:1648:14)
        at afterConnectMultiple (node:net:1678:16) {
      errno: -111,
      code: 'ECONNREFUSED',
      syscall: 'connect',
      address: '127.0.0.1',
      port: 5432
    }
  ]
}
 POST /api/loginOrRegister 500 in 15ms
Database error: AggregateError [ECONNREFUSED]: 
    at /home/viscon/campusguessr/node_modules/pg-pool/index.js:45:11
    at process.processTicksAndRejections (node:internal/process/task_queues:95:5)
    at async handler (webpack-internal:///(api)/./pages/api/loginOrRegister.js:21:28)
    at async K (/home/viscon/campusguessr/node_modules/next/dist/compiled/next-server/pages-api.runtime.dev.js:21:2871)
    at async U.render (/home/viscon/campusguessr/node_modules/next/dist/compiled/next-server/pages-api.runtime.dev.js:21:3955)
    at async DevServer.runApi (/home/viscon/campusguessr/node_modules/next/dist/server/next-server.js:598:9)
    at async NextNodeServer.handleCatchallRenderRequest (/home/viscon/campusguessr/node_modules/next/dist/server/next-server.js:269:37)
    at async DevServer.handleRequestImpl (/home/viscon/campusguessr/node_modules/next/dist/server/base-server.js:817:17)
    at async /home/viscon/campusguessr/node_modules/next/dist/server/dev/next-dev-server.js:339:20
    at async Span.traceAsyncFn (/home/viscon/campusguessr/node_modules/next/dist/trace/trace.js:154:20)
    at async DevServer.handleRequest (/home/viscon/campusguessr/node_modules/next/dist/server/dev/next-dev-server.js:336:24)
    at async invokeRender (/home/viscon/campusguessr/node_modules/next/dist/server/lib/router-server.js:173:21)
    at async handleRequest (/home/viscon/campusguessr/node_modules/next/dist/server/lib/router-server.js:350:24)
    at async requestHandlerImpl (/home/viscon/campusguessr/node_modules/next/dist/server/lib/router-server.js:374:13)
    at async Server.requestListener (/home/viscon/campusguessr/node_modules/next/dist/server/lib/start-server.js:141:13) {
  code: 'ECONNREFUSED',
  [errors]: [
    Error: connect ECONNREFUSED ::1:5432
        at createConnectionError (node:net:1648:14)
        at afterConnectMultiple (node:net:1678:16) {
      errno: -111,
      code: 'ECONNREFUSED',
      syscall: 'connect',
      address: '::1',
      port: 5432
    },
    Error: connect ECONNREFUSED 127.0.0.1:5432
        at createConnectionError (node:net:1648:14)
        at afterConnectMultiple (node:net:1678:16) {
      errno: -111,
      code: 'ECONNREFUSED',
      syscall: 'connect',
      address: '127.0.0.1',
      port: 5432
    }
  ]
}
 POST /api/loginOrRegister 500 in 6ms
Database error: AggregateError [ECONNREFUSED]: 
    at /home/viscon/campusguessr/node_modules/pg-pool/index.js:45:11
    at process.processTicksAndRejections (node:internal/process/task_queues:95:5)
    at async handler (webpack-internal:///(api)/./pages/api/loginOrRegister.js:21:28)
    at async K (/home/viscon/campusguessr/node_modules/next/dist/compiled/next-server/pages-api.runtime.dev.js:21:2871)
    at async U.render (/home/viscon/campusguessr/node_modules/next/dist/compiled/next-server/pages-api.runtime.dev.js:21:3955)
    at async DevServer.runApi (/home/viscon/campusguessr/node_modules/next/dist/server/next-server.js:598:9)
    at async NextNodeServer.handleCatchallRenderRequest (/home/viscon/campusguessr/node_modules/next/dist/server/next-server.js:269:37)
    at async DevServer.handleRequestImpl (/home/viscon/campusguessr/node_modules/next/dist/server/base-server.js:817:17)
    at async /home/viscon/campusguessr/node_modules/next/dist/server/dev/next-dev-server.js:339:20
    at async Span.traceAsyncFn (/home/viscon/campusguessr/node_modules/next/dist/trace/trace.js:154:20)
    at async DevServer.handleRequest (/home/viscon/campusguessr/node_modules/next/dist/server/dev/next-dev-server.js:336:24)
    at async invokeRender (/home/viscon/campusguessr/node_modules/next/dist/server/lib/router-server.js:173:21)
    at async handleRequest (/home/viscon/campusguessr/node_modules/next/dist/server/lib/router-server.js:350:24)
    at async requestHandlerImpl (/home/viscon/campusguessr/node_modules/next/dist/server/lib/router-server.js:374:13)
    at async Server.requestListener (/home/viscon/campusguessr/node_modules/next/dist/server/lib/start-server.js:141:13) {
  code: 'ECONNREFUSED',
  [errors]: [
    Error: connect ECONNREFUSED ::1:5432
        at createConnectionError (node:net:1648:14)
        at afterConnectMultiple (node:net:1678:16) {
      errno: -111,
      code: 'ECONNREFUSED',
      syscall: 'connect',
      address: '::1',
      port: 5432
    },
    Error: connect ECONNREFUSED 127.0.0.1:5432
        at createConnectionError (node:net:1648:14)
        at afterConnectMultiple (node:net:1678:16) {
      errno: -111,
      code: 'ECONNREFUSED',
      syscall: 'connect',
      address: '127.0.0.1',
      port: 5432
    }
  ]
}
 POST /api/loginOrRegister 500 in 5ms
 GET / 200 in 29ms
 GET / 200 in 20ms
 POST /api/loginOrRegister 200 in 159ms
 GET / 200 in 35ms
 GET /api/getBuildings 200 in 5ms
 GET /api/getBuildings 200 in 3ms
 GET /api/getFloors?building=HG 200 in 3ms
 GET /api/getFloors?building=HG 200 in 2ms
 POST /api/startRound 200 in 8ms
 ✓ Compiled /api/submitGuess in 394ms (176 modules)
 POST /api/submitGuess 200 in 445ms
 ✓ Compiled /leaderboard in 209ms (451 modules)
 ✓ Compiled /api/getUsers in 271ms (181 modules)
 GET /api/getUsers 200 in 317ms
 POST /api/startRound 200 in 29ms
 POST /api/submitGuess 200 in 11ms
 GET /api/getUsers 200 in 5ms
 POST /api/loginOrRegister 200 in 144ms
 GET / 200 in 81ms
